city,state,pickup_count,delivery_count,latitude,longitude
AVON PARK,FL,0,1,27.5898,-81.5068
Abbeville,AL,1,0,31.5664,-85.2528
Abbeville,SC,210,87,34.1787,-82.3774
Aberdeen,MD,98,66,39.5151,-76.1733
Aberdeen,MS,0,1,33.8287,-88.5539
Aberdeen,NC,23,14,35.135,-79.4326
Aberdeen,OH,2,2,38.6713,-83.7704
Aberdeen Proving Ground,MD,0,1,39.4672,-76.1308
Abilene,TX,1,0,32.4543,-99.7384
Abingdon,MD,0,1,39.4629,-76.2754
Abingdon,VA,40,51,36.709,-81.9713
Accomac,VA,0,1,37.7196,-75.6673
Acworth,GA,18,15,34.0566,-84.6716
Ada,OH,2,1,40.7681,-83.8251
Adairsville,GA,29,12,34.3709,-84.9212
Adams,WI,2,1,43.9554,-89.8169
Adams Run,SC,0,1,32.7219,-80.3465
Adamsville,TN,0,2,35.2564,-88.3862
Addis,LA,1,0,30.3652,-91.2658
Addison,AL,0,1,34.2017,-87.1765
Addison,IL,2,37,41.9313,-88.0085
Addyston,OH,0,1,39.1371,-84.7104
Adel,GA,0,5,31.1264,-83.4229
Adel,IA,3,1,41.6101,-94.0124
Adrian,MI,6,3,41.8994,-84.0447
Advance,NC,579,32,35.9468,-80.4045
Afton,VA,0,2,38.0266,-78.8357
Ahoskie,NC,5,4,36.2842,-76.9902
Aiken,SC,46,47,33.5303,-81.7271
Airmont,NY,1,0,41.0992,-74.0989
Akron,IN,0,3,41.0388,-86.0249
Akron,MI,1,0,43.5667,-83.5143
Akron,NY,5,2,43.018,-78.4978
Akron,OH,125,102,41.0798,-81.5219
Alabaster,AL,1,6,33.2198,-86.8225
Alachua,FL,0,9,29.7779,-82.4832
Albany,GA,44,68,31.5776,-84.1762
Albany,LA,0,1,30.4993,-90.5839
Albany,MN,0,1,45.6284,-94.5675
Albany,NY,46,43,42.6664,-73.7987
Albany,OH,0,2,39.2245,-82.1975
Albemarle,NC,9,49,35.3594,-80.1915
Albert Lea,MN,1,1,43.6548,-93.3643
Albertson,NY,1,0,40.7715,-73.6482
Albertville,AL,5,6,34.2633,-86.2108
Albia,IA,1,2,41.0268,-92.8038
Albion,IL,3,0,38.3766,-88.058
Albion,IN,0,1,41.3966,-85.4187
Albion,MI,0,4,42.2478,-84.7572
Albion,NY,3,6,43.246,-78.1902
Alburtis,PA,146,85,40.509,-75.6001
Alcoa,TN,6,63,35.8076,-83.9753
Alcolu,SC,17,1,33.7547,-80.2221
Aldie,VA,0,2,38.9761,-77.645
Alexander,AR,0,1,34.6185,-92.4512
Alexandria,IN,83,1,40.263,-85.6737
Alexandria,LA,1,1,31.2923,-92.4702
Alexandria,MN,1,1,45.8776,-95.3767
Alexandria,PA,0,3,40.5583,-78.0997
Alexandria,TN,0,1,36.0791,-86.0382
Alexandria,VA,4,45,38.8185,-77.0861
Alger,OH,0,1,40.7096,-83.8441
Algonac,MI,0,1,42.6207,-82.5339
Algonquin,IL,0,1,42.1629,-88.3159
Aliceville,AL,1,0,33.1237,-88.1593
Aliquippa,PA,13,18,40.6155,-80.2547
Allegan,MI,4,0,42.5299,-85.8462
Allen Park,MI,2,2,42.2595,-83.2107
Allendale,MI,2,1,42.9845,-85.9499
Allendale,NJ,5,2,41.0332,-74.1333
Allendale,SC,6,2,33.008,-81.3092
Allensville,PA,1,1,40.533,-77.8142
Allenton,WI,1,0,43.4218,-88.3448
Allentown,NJ,0,1,40.1778,-74.5873
Allentown,PA,253,164,40.5961,-75.4756
Allenwood,PA,1,2,41.1081,-76.8981
Alliance,NC,0,1,35.1434,-76.8084
Alliance,OH,11,9,40.9107,-81.1189
Alma,GA,1,5,31.5432,-82.4745
Alpena,MI,2,2,45.074,-83.4402
Alpharetta,GA,8,15,34.0704,-84.2738
Alsip,IL,11,15,41.6701,-87.7368
Altamahaw,NC,6,1,36.1868,-79.5051
Altamont,NY,2,8,42.7056,-74.034
Altavista,VA,1,16,37.1235,-79.2856
Altha,FL,0,2,30.5721,-85.1263
Alto,GA,2,0,34.4649,-83.5727
Alton,IL,2,1,38.9037,-90.152
Altoona,IA,4,1,41.6483,-93.4783
Altoona,PA,43,26,40.5082,-78.4007
Altoona,WI,0,1,44.8029,-91.4385
Altus,OK,0,1,34.6565,-99.3061
Alvarado,TX,2,0,32.4068,-97.2149
Amarillo,TX,1,0,35.1984,-101.8316
Ambler,PA,0,1,40.1564,-75.2215
Ambridge,PA,12,13,40.5921,-80.2265
Amelia Court House,VA,2,1,37.3367,-77.9882
Americus,GA,4,2,32.0736,-84.2248
Ames,IA,7,0,42.0256,-93.6217
Amherst,OH,4,2,41.4022,-82.2303
Amherst,VA,0,2,37.5816,-79.0509
Amityville,NY,0,2,40.6696,-73.4156
Amory,MS,0,1,33.9814,-88.4823
Amsterdam,NY,10,77,42.942,-74.1906
Amsterdam,OH,0,6,40.4718,-80.9217
Anacoco,LA,0,1,31.2545,-93.344
Anamosa,IA,0,1,42.1091,-91.2758
Andalusia,AL,2,2,31.3102,-86.4781
Andalusia,PA,0,2,40.0696,-74.9713
Anderson,IN,11,16,40.0891,-85.6892
Anderson,MO,1,0,36.6532,-94.4441
Anderson,SC,166,296,34.5211,-82.6478
Andersonville,GA,14,2,32.1965,-84.1454
Andersonville,TN,0,3,36.197,-84.033
Andover,KS,0,1,37.6873,-97.1352
Andover,OH,0,2,41.6066,-80.5686
Andrews,NC,0,21,35.1994,-83.8262
Andrews,SC,10,12,33.4494,-79.566
Angier,NC,2,4,35.5116,-78.7402
Angola,IN,8,1,41.6433,-85.005
Angola,NY,4,5,42.6379,-79.0295
Ankeny,IA,4,3,41.7288,-93.6031
Ann Arbor,MI,1,10,42.2759,-83.731
Anna,OH,0,1,40.3957,-84.1754
Annapolis,MD,1,15,38.9706,-76.5047
Anniston,AL,9,5,33.6712,-85.8135
Anniston,MO,1,0,36.8243,-89.3267
Anoka,MN,1,0,45.2099,-93.3893
Ansonia,CT,0,6,41.3443,-73.0689
Ansonia,OH,0,1,40.2141,-84.6344
Ansonville,NC,2,0,35.1041,-80.1097
Antigo,WI,1,0,45.141,-89.1552
Antioch,IL,3,0,42.4742,-88.0721
Apalachin,NY,3,0,42.0639,-76.1567
Apex,NC,8,64,35.7237,-78.8743
Apollo,PA,0,1,40.5848,-79.5647
Apollo Beach,FL,0,1,27.7618,-82.4003
Apopka,FL,2,1,28.7015,-81.5316
Apple Creek,OH,4,8,40.7486,-81.8333
Apple Grove,WV,14,7,38.6663,-82.1706
Appleton,WI,13,7,44.278,-88.3892
Appling,GA,4,4,33.5588,-82.3183
Appomattox,VA,0,2,37.3592,-78.8276
Arab,AL,1,2,34.3309,-86.4991
Arabi,LA,4,0,29.9562,-89.9986
Arbutus,MD,8,0,39.2428,-76.6922
Arcadia,FL,2,4,27.2215,-81.8585
Arcadia,SC,1,0,34.9609,-81.9929
Arcadia,WI,0,3,44.2486,-91.4916
Arcanum,OH,0,1,39.9923,-84.5543
Archbald,PA,10,6,41.5077,-75.5453
Archbold,OH,13,4,41.5166,-84.3039
Archdale,NC,11,11,35.9032,-79.9591
Archie,MO,1,0,38.4809,-94.351
Arcola,IL,5,0,39.6833,-88.3013
Arden Hills,MN,1,0,45.0721,-93.167
Ardmore,OK,1,1,34.1949,-97.1256
Ardmore,TN,0,1,35.0031,-86.8548
Ardsley,NY,0,1,41.0134,-73.8394
Argos,IN,0,12,41.2379,-86.2523
Arlington,GA,1,0,31.4383,-84.7253
Arlington,IN,0,1,39.6458,-85.5797
Arlington,NY,0,1,41.6965,-73.8989
Arlington,OH,0,1,40.8937,-83.6529
Arlington,TN,4,4,35.2594,-89.668
Arlington,TX,2,2,32.6998,-97.125
Arlington,VA,0,3,38.8786,-77.1011
Armonk,NY,1,3,41.1319,-73.7138
Armorel,AR,2,0,35.9223,-89.8009
Arnaudville,LA,0,1,30.4023,-91.932
Arnold,MD,0,1,39.0437,-76.4974
Arnold,MO,2,1,38.4297,-90.3733
Arnold,PA,0,1,40.5788,-79.7655
Arrington,VA,1,0,37.6744,-78.8928
Arthur,IL,0,2,39.7144,-88.4696
Asbury,NJ,1,15,40.7003,-75.0121
Asbury Park,NJ,0,5,40.2226,-74.0119
Ashaway,RI,4,0,41.426,-71.7852
Ashburn,GA,2,1,31.7096,-83.6528
Ashburn,VA,6,15,39.0277,-77.4714
Asheboro,NC,326,203,35.7158,-79.8127
Asheville,NC,25,64,35.5707,-82.5537
Ashland,AL,0,1,33.2703,-85.8337
Ashland,KY,45,5,38.4592,-82.6448
Ashland,OH,19,7,40.8668,-82.3156
Ashland,VA,59,131,37.7597,-77.4716
Ashland City,TN,3,2,36.2607,-87.0412
Ashley,IN,32,10,41.5215,-85.0614
Ashley,PA,18,10,41.2128,-75.8993
Ashtabula,OH,51,9,41.8805,-80.7984
Ashton,IL,4,0,41.8682,-89.2225
Ashville,OH,30,28,39.7238,-82.9575
Ashville,PA,1,0,40.5601,-78.5473
Aspers,PA,72,9,39.9792,-77.2276
Atchison,KS,1,0,39.5625,-95.1367
Atglen,PA,3,1,39.9473,-75.9754
Athens,AL,12,14,34.7843,-86.9503
Athens,GA,38,11,33.9508,-83.3689
Athens,OH,1,8,39.327,-82.0987
Athens,PA,2,2,41.9515,-76.5187
Athens,TN,20,16,35.4573,-84.6045
Atkins,VA,4,6,36.8659,-81.4045
Atlanta,GA,178,206,33.7628,-84.422
Atlanta,MI,0,1,45.0012,-84.1513
Atlantic,PA,1,0,41.5054,-80.3408
Atlantic Beach,NC,1,0,34.7011,-76.7403
Atlantic City,NJ,1,5,39.3797,-74.4527
Attalla,AL,5,1,34.005,-86.1039
Attapulgus,GA,0,1,30.7495,-84.4839
Attica,IN,1,2,40.2874,-87.2452
Attica,OH,0,2,41.0634,-82.8873
Attleboro,MA,26,2,41.9311,-71.295
Atwater,MN,0,1,45.1356,-94.7769
Auburn,AL,2,6,32.6087,-85.4903
Auburn,GA,1,0,34.0156,-83.8319
Auburn,IN,10,15,41.3666,-85.0559
Auburn,KY,1,2,36.8654,-86.711
Auburn,ME,8,2,44.0851,-70.2492
Auburn,NY,41,11,42.9338,-76.5685
Auburn Hills,MI,4,2,42.6735,-83.2448
Auburndale,FL,3,7,28.0963,-81.8012
Audubon,PA,0,3,40.1304,-75.428
Augusta,AR,1,0,35.2865,-91.3614
Augusta,GA,90,116,33.3645,-82.0708
Augusta,KY,4,1,38.7723,-84.0003
Augusta,ME,0,9,44.3341,-69.7319
Augusta,WI,2,0,44.6784,-91.1204
Aurora,CO,1,2,39.7083,-104.7237
Aurora,IL,5,4,41.7638,-88.2902
Aurora,IN,1,0,39.0674,-84.9044
Aurora,MO,1,0,36.9673,-93.7184
Aurora,NC,0,1,35.303,-76.7889
Aurora,OH,20,27,41.3118,-81.345
Austell,GA,16,18,33.8201,-84.6451
Austin,IN,37,9,38.7417,-85.8117
Austin,MN,1,0,43.6721,-92.9784
Austin,TX,0,1,30.3005,-97.7522
Austinburg,OH,0,7,41.7692,-80.8556
Austintown,OH,1,11,41.0932,-80.7405
Austinville,VA,6,0,36.851,-80.9142
Autryville,NC,15,1,34.9965,-78.6412
Ava,MO,0,1,36.9547,-92.6662
Avenel,NJ,45,26,40.5842,-74.2716
Avilla,IN,4,4,41.3637,-85.2317
Avon,IN,3,18,39.7601,-86.3916
Avon,MN,1,0,45.61,-94.4618
Avon,OH,4,17,41.4485,-82.0187
Avon Lake,OH,3,2,41.4944,-82.0159
Avondale,AZ,1,0,33.3873,-112.3235
Avondale,LA,1,0,29.9072,-90.1933
Avondale,PA,0,9,39.8248,-75.7819
Awendaw,SC,0,1,32.9661,-79.6586
Axis,AL,2,0,30.9309,-88.018
Ayden,NC,16,11,35.4693,-77.4167
Aynor,SC,0,2,34.0002,-79.2071
BARRE,VT,1,10,44.1998,-72.5085
Baconton,GA,0,1,31.3804,-84.1592
Badin,NC,1,0,35.4071,-80.1184
Bailey,NC,0,2,35.7805,-78.113
Baileys Harbor,WI,0,1,45.0659,-87.133
Bainbridge,GA,6,9,30.9052,-84.5732
Balch Springs,TX,1,1,32.7194,-96.6151
Baldwin,IL,0,4,38.1838,-89.8451
Baldwinsville,NY,141,45,43.1578,-76.3325
Ball Ground,GA,4,8,34.3426,-84.3637
Ballinger,TX,1,1,31.7394,-99.9559
Ballston Spa,NY,4,4,43.0068,-73.8525
Ballwin,MO,0,1,38.595,-90.55
Bally,PA,2,1,40.4004,-75.5875
Baltic,OH,1,4,40.4435,-81.701
Baltimore,MD,952,341,39.3051,-76.6144
Baltimore,OH,21,1,39.846,-82.6046
Bangor,ME,7,20,44.8323,-68.7906
Bangor,PA,1,2,40.8678,-75.2085
Banner Elk,NC,0,1,36.1589,-81.8677
Baraboo,WI,1,0,43.4695,-89.7376
Barberton,OH,5,7,41.0095,-81.6037
Barboursville,WV,0,2,38.4067,-82.2964
Barclay,MD,0,5,39.1451,-75.8655
Bardstown,KY,86,35,37.8175,-85.455
Barnesville,GA,3,0,33.0508,-84.1528
Barnesville,OH,0,1,39.9888,-81.1728
Barnhart,MO,0,1,38.336,-90.4046
Barnwell,SC,30,4,33.2419,-81.3659
Barrington,NJ,49,9,39.8689,-75.0514
Bartlett,IL,3,1,41.9804,-88.2071
Bartlett,TN,1,1,35.2337,-89.8195
Bartonville,IL,1,1,40.6397,-89.6607
Bartow,FL,3,2,27.8868,-81.8214
Bartow,WV,1,0,38.5422,-79.7859
Bassett,VA,0,2,36.7615,-79.9866
Bastian,VA,4,4,37.1535,-81.1525
Batavia,IL,1,1,41.8479,-88.3109
Batavia,NY,23,51,42.9987,-78.1802
Batavia,OH,12,7,39.0815,-84.1716
Bates City,MO,2,1,39.0047,-94.0659
Batesburg-Leesville,SC,0,1,33.9126,-81.5313
Batesville,AR,2,3,35.7687,-91.6227
Batesville,IN,2,2,39.2974,-85.2144
Batesville,MS,0,1,34.3148,-89.9249
Bath,ME,0,1,43.9346,-69.8346
Bath,NC,0,1,35.4702,-76.8119
Bath,PA,1,2,40.7279,-75.3919
Baton Rouge,LA,5,15,30.442,-91.1311
Battle Creek,MI,9,7,42.2985,-85.2296
Baxley,GA,1,2,31.7641,-82.3509
Baxter,TN,14,3,36.1536,-85.6348
Bay City,MI,15,18,43.5902,-83.8887
Bay Minette,AL,0,4,30.893,-87.7912
Bay Shore,NY,1,1,40.7288,-73.2495
Bay Springs,MS,1,4,31.9772,-89.2792
Bay St. Louis,MS,0,1,30.3281,-89.3774
Bayonne,NJ,26,11,40.6668,-74.1158
Baytown,TX,3,1,29.7587,-94.9671
Beach City,OH,0,1,40.6531,-81.5795
Beachwood,OH,0,2,41.4759,-81.503
Beacon,NY,8,1,41.5036,-73.9655
Bean Station,TN,4,1,36.3323,-83.2852
Bear,DE,2,20,39.6189,-75.6808
Bear Lake,MI,1,0,44.7182,-84.9486
Beaufort,NC,3,2,34.73,-76.6493
Beaufort,SC,8,3,32.4597,-80.7235
Beaumont,MS,0,1,31.1707,-88.9252
Beaumont,TX,1,0,30.0849,-94.1451
Beaver,PA,0,2,40.6936,-80.3074
Beaver,WV,4,14,37.7356,-81.15
Beaver Dam,KY,8,4,37.4042,-86.8741
Beaver Dam,WI,2,3,43.4688,-88.8309
Beaver Falls,PA,0,4,40.7619,-80.3226
Beaver Springs,PA,8,3,40.7448,-77.2168
Beavercreek,OH,1,2,39.731,-84.0624
Beavertown,PA,0,1,40.7522,-77.169
Becker,MN,0,1,45.3824,-93.8772
Beckett Ridge,OH,1,0,39.3448,-84.438
Beckley,WV,10,13,37.7877,-81.1841
Bedford,IN,1,0,38.8602,-86.4895
Bedford,OH,19,15,41.3919,-81.536
Bedford,VA,3,7,37.336,-79.5179
Bedford Heights,OH,16,62,41.4041,-81.5053
Bedford Park,IL,8,5,41.7669,-87.7915
Beech Bottom,WV,6,1,40.2181,-80.6588
Beech Island,SC,22,40,33.4288,-81.8905
Beech Mountain,NC,0,1,36.2104,-81.8875
Bel Air,MD,0,1,39.5348,-76.346
Belding,MI,0,1,43.0968,-85.2331
Belfast,ME,0,1,44.4279,-69.0325
Belgium,WI,1,0,43.5018,-87.8476
Belington,WV,2,0,39.0219,-79.9383
Belk,AL,1,0,33.6517,-87.9286
Belle Glade,FL,1,1,26.6916,-80.6656
Belle Plaine,IA,1,0,41.8954,-92.2751
Belle Vernon,PA,20,3,40.1256,-79.8671
Bellefontaine,OH,1,3,40.3627,-83.763
Bellefonte,PA,20,1,40.9141,-77.7683
Belleville,IL,0,2,38.5164,-89.99
Belleville,MI,3,8,42.2022,-83.4839
Belleville,PA,10,6,40.6059,-77.7211
Bellevue,OH,4,3,41.2745,-82.8403
Bellmawr,NJ,13,11,39.8666,-75.0941
Bellport,NY,0,2,40.754,-72.9422
Bells,TN,1,0,35.7203,-89.0859
Bellville,OH,0,1,40.6297,-82.5244
Bellwood,IL,3,0,41.8829,-87.8762
Bellwood,PA,0,1,40.6007,-78.3334
Belmont,MS,2,0,34.5046,-88.208
Belmont,NC,81,55,35.2212,-81.0401
Beloit,WI,3,2,42.523,-89.0184
Belpre,OH,4,2,39.2815,-81.5972
Belton,MO,0,2,38.8192,-94.5335
Belton,SC,4,3,34.5237,-82.4938
Belton,TX,1,0,31.0525,-97.479
Beltsville,MD,1,20,39.0394,-76.9211
Belvidere,IL,3,1,42.2543,-88.8649
Bemidji,MN,3,0,47.4828,-94.8797
Bennettsville,SC,300,15,34.6303,-79.6875
Bensenville,IL,6,5,41.9579,-87.9442
Benson,NC,36,22,35.386,-78.5437
Benton,AR,1,0,34.5776,-92.5713
Benton,IL,1,0,38.0109,-88.9179
Benton,KY,4,0,36.8479,-88.3602
Benton,LA,0,1,32.6907,-93.7401
Benton,MO,0,1,37.099,-89.5624
Benton,PA,4,0,41.1955,-76.3847
Benton,TN,29,3,35.1749,-84.6516
Bentonville,AR,0,1,36.3547,-94.2305
Benwood,WV,29,0,40.0139,-80.7328
Berea,KY,24,39,37.5904,-84.2898
Berea,OH,3,1,41.3696,-81.8641
Beresford,SD,1,0,43.0797,-96.7803
Bergenfield,NJ,0,1,40.9236,-73.9982
Berkeley,IL,1,0,41.8891,-87.9115
Berlin,MD,7,1,38.331,-75.2148
Berlin,NH,0,6,44.4869,-71.2599
Berlin,NJ,261,64,39.7915,-74.9374
Berlin Heights,OH,1,0,41.3204,-82.4903
Berne,IN,0,7,40.6572,-84.9555
Bernville,PA,19,4,40.4334,-76.1107
Berryville,AR,0,2,36.371,-93.5704
Berryville,VA,7,2,39.1504,-77.9825
Berwick,PA,13,37,41.0555,-76.2492
Bessemer,AL,4,11,33.3712,-86.9728
Bessemer City,NC,12,15,35.284,-81.2828
Bessie,OK,1,0,35.3854,-98.9892
Bethany,MO,0,1,40.2684,-94.0282
Bethany Beach,DE,1,0,38.5391,-75.066
Bethel,DE,1,0,38.5711,-75.6195
Bethel,ME,1,0,44.4038,-70.7863
Bethel,NC,4,5,35.8072,-77.3763
Bethel Park,PA,2,3,40.3238,-80.0364
Bethesda,MD,0,1,38.9866,-77.1188
Bethesda,OH,0,2,40.0164,-81.0727
Bethlehem,GA,1,0,33.9368,-83.7102
Bethlehem,PA,119,151,40.6266,-75.3679
Bethpage,NY,1,0,40.7495,-73.4856
Bethune,SC,16,2,34.4143,-80.3487
Bettendorf,IA,1,0,41.5657,-90.4765
Beulaville,NC,2,0,34.9228,-77.7724
Beverly,KS,0,1,39.0138,-97.9755
Beverly,NJ,3,4,40.0652,-74.9221
Beverly,WV,9,0,38.8443,-79.8717
Bicknell,IN,0,3,38.7743,-87.3078
Bidwell,OH,1,1,38.9248,-82.2856
Big Creek,WV,0,1,38.0054,-82.0361
Big Island,VA,17,12,37.5351,-79.3615
Big Lake,MN,0,1,45.3417,-93.7434
Big Rapids,MI,4,1,43.6992,-85.4806
Big Rock,VA,0,1,37.3536,-82.1887
Big Stone Gap,VA,0,1,36.8626,-82.7769
Biglerville,PA,3,16,39.9303,-77.2462
Billings,MT,0,1,45.7891,-108.5526
Biloxi,MS,0,3,30.4426,-88.9514
Binghamton,NY,31,12,42.1014,-75.9093
Birch Tree,MO,1,0,36.9967,-91.4916
Birdsboro,PA,15,5,40.2619,-75.8099
Birmingham,AL,31,38,33.5279,-86.7971
Biscoe,NC,9,9,35.3585,-79.7816
Bishopville,SC,184,64,34.2202,-80.2483
Black Creek,WI,0,1,44.4742,-88.4506
Black Mountain,NC,2,139,35.6144,-82.3274
Blacksburg,SC,48,2,35.122,-81.5182
Blacksburg,VA,4,13,37.23,-80.4279
Blackshear,GA,4,10,31.2954,-82.2453
Blackstone,VA,0,1,37.0822,-78.003
Blackville,SC,3,20,33.3552,-81.2835
Blackwood,NJ,0,3,39.7982,-75.0629
Bladenboro,NC,4,2,34.5407,-78.795
Bladensburg,MD,0,3,38.9424,-76.9264
Blades,DE,1,1,38.6353,-75.6024
Blaine,MN,1,1,45.1696,-93.2077
Blaine,TN,0,1,36.1478,-83.6939
Blairs,VA,3,1,36.6958,-79.3774
Blairsville,GA,1,2,34.876,-83.9546
Blairsville,PA,5,2,40.4326,-79.2599
Blakely,GA,3,0,31.3827,-84.9228
Blanchester,OH,0,5,39.2934,-83.9795
Bland,VA,25,6,37.1,-81.1161
Blandon,PA,15,3,40.4447,-75.8799
Blasdell,NY,7,6,42.7964,-78.8324
Blauvelt,NY,4,1,41.0689,-73.9545
Blawnox,PA,14,3,40.4922,-79.86
Bloomfield,KY,9,0,37.9122,-85.314
Bloomfield,MO,14,0,36.8875,-89.9306
Bloomfield,NY,1,0,42.8991,-77.4242
Bloomingdale,GA,9,52,32.1249,-81.3077
Bloomingdale,IL,1,1,41.9497,-88.0895
Bloomingdale,IN,1,0,39.8306,-87.2502
Bloomingdale,MI,0,1,42.3833,-85.959
Bloomington,IL,0,6,40.4757,-88.9703
Bloomington,IN,5,8,39.1637,-86.5257
Bloomington,MN,0,5,44.8306,-93.3151
Bloomsburg,PA,34,28,41.0027,-76.4561
Bloomsbury,NJ,0,1,40.6537,-75.084
Blossburg,PA,1,0,41.6795,-77.069
Blountville,TN,0,3,36.533,-82.329
Blue Ash,OH,6,4,39.248,-84.3827
Blue Earth,MN,1,0,43.6409,-94.1005
Blue Island,IL,0,1,41.6578,-87.6811
Blue Mountain,MS,2,0,34.6739,-89.0262
Blue Ridge,GA,6,0,34.8666,-84.3218
Blue Springs,MO,2,0,39.0124,-94.2721
Blue Springs,MS,0,1,34.3922,-88.8779
Bluefield,VA,22,7,37.2351,-81.2751
Bluefield,WV,3,2,37.2608,-81.2143
Bluff City,TN,0,1,36.4589,-82.2768
Bluffton,IN,23,22,40.7424,-85.173
Bluffton,SC,0,5,32.2135,-80.9316
Blytheville,AR,30,3,35.9321,-89.9051
Blythewood,SC,100,91,34.2121,-80.9921
Boaz,AL,8,1,34.1985,-86.1529
Boca Raton,FL,2,1,26.3752,-80.108
Bogalusa,LA,1,0,30.7812,-89.8633
Bogart,GA,0,1,33.9479,-83.5341
Bogota,NJ,1,2,40.8751,-74.0293
Bohemia,NY,2,3,40.7717,-73.1271
Boiling Springs,SC,0,3,35.045,-81.9779
Boise,ID,0,1,43.6005,-116.2308
Bolingbrook,IL,25,8,41.6901,-88.1021
Bolivar,MO,1,0,37.6059,-93.4175
Bolivar,OH,1,0,40.6539,-81.455
Bolivar,TN,1,0,35.2645,-89.0118
Bolivia,NC,0,1,34.0699,-78.1472
Bon Air,AL,0,1,33.2621,-86.3319
Bon Air,VA,0,1,37.5187,-77.5713
Bonham,TX,1,0,33.588,-96.1901
Boone,IA,1,0,42.0531,-93.877
Boone,NC,6,8,36.2111,-81.6669
Booneville,AR,0,1,35.1392,-93.9178
Booneville,MS,1,0,34.6643,-88.5684
Boonsboro,MD,0,2,39.5078,-77.6585
Boonville,NC,8,2,36.234,-80.7093
Boothwyn,PA,0,4,39.8357,-75.4454
Borden,IN,1,0,38.4699,-85.9491
Bossier City,LA,0,2,32.5224,-93.6668
Boston,MA,30,21,42.3188,-71.0852
Boston,VA,0,1,37.6039,-75.8437
Botkins,OH,0,2,40.4587,-84.1782
Bound Brook,NJ,3,6,40.5676,-74.5383
Bourbon,IN,3,2,41.2993,-86.1167
Bourbon,MO,1,0,38.1505,-91.2494
Bourbonnais,IL,2,2,41.183,-87.8784
Bowerston,OH,3,0,40.4273,-81.1874
Bowersville,GA,4,1,34.373,-83.0838
Bowie,MD,0,1,38.9549,-76.7406
Bowie,TX,0,1,33.5566,-97.844
Bowling Green,FL,1,0,27.638,-81.8244
Bowling Green,KY,136,114,36.9716,-86.4378
Bowling Green,OH,6,11,41.3776,-83.6495
Bowman,SC,0,3,33.3483,-80.6843
Boydton,VA,1,5,36.666,-78.3908
Boyertown,PA,8,4,40.3322,-75.6375
Boynton Beach,FL,1,5,26.5281,-80.0811
Braddock,PA,1,0,40.4018,-79.8689
Bradenton,FL,3,9,27.4901,-82.5757
Bradford,PA,16,23,41.9605,-78.6412
Bradley,IL,2,0,41.1641,-87.8452
Bradley,SC,0,1,34.0391,-82.2435
Brainerd,MN,0,1,46.3553,-94.1983
Brandenburg,KY,13,2,37.9956,-86.1773
Brandon,MS,0,1,32.2778,-89.9896
Brandywine,MD,2,2,38.6963,-76.8846
Branford,FL,4,0,29.9623,-82.9243
Branson,MO,1,0,36.6509,-93.2636
Braselton,GA,5,8,34.1087,-83.8127
Bratenahl,OH,2,1,41.5538,-81.6055
Breaux Bridge,LA,1,0,30.2829,-91.9043
Brecksville,OH,3,20,41.3079,-81.6192
Breese,IL,1,1,38.6138,-89.523
Breinigsville,PA,222,260,40.5394,-75.6347
Bremen,GA,0,1,33.7085,-85.1495
Bremen,IN,9,5,41.4484,-86.1505
Brentwood,MD,0,2,38.9439,-76.9571
Brentwood,MO,0,1,38.6194,-90.3475
Brentwood,TN,0,3,35.9918,-86.7758
Brevard,NC,10,8,35.2438,-82.7265
Brewer,ME,0,1,44.7835,-68.7352
Brewster,NY,3,11,41.397,-73.6151
Brewton,AL,1,0,31.1113,-87.0737
Bridgeport,AL,3,5,34.9496,-85.7243
Bridgeport,CT,15,12,41.1918,-73.1954
Bridgeport,MI,0,2,43.3706,-83.8827
Bridgeport,NJ,1,6,39.8009,-75.3468
Bridgeport,PA,1,1,40.1042,-75.3437
Bridgeport,WV,1,8,39.3036,-80.2478
Bridgeton,MO,5,6,38.7673,-90.4275
Bridgeview,IL,3,2,41.7403,-87.8067
Bridgeville,DE,3,13,38.7251,-75.6029
Bridgeville,PA,1,1,40.3578,-80.1061
Bridgewater,VA,0,2,38.3862,-78.9674
Bridgman,MI,0,1,41.9396,-86.5652
Brighton,CO,1,0,39.9716,-104.7963
Brighton,MI,1,6,42.5298,-83.7848
Brilliant,OH,0,1,40.2701,-80.6318
Brimfield,IL,0,1,40.8379,-89.8827
Brimfield,OH,1,0,41.0941,-81.3482
Bringhurst,IN,1,0,40.5269,-86.5251
Brinkley,AR,3,2,34.89,-91.1902
Bristol,CT,7,10,41.6812,-72.9407
Bristol,IN,12,32,41.7184,-85.8228
Bristol,TN,17,7,36.5572,-82.2154
Bristol,VA,13,24,36.6181,-82.1604
Bristol,WI,0,2,42.5377,-88.0151
Britt,IA,0,1,43.0986,-93.803
Broadview,IL,0,1,41.8583,-87.8562
Broadview Heights,OH,1,3,41.3196,-81.6779
Broadway,VA,1,0,38.6083,-78.8016
Brockport,NY,3,7,43.2137,-77.9404
Brockton,MA,9,6,42.0821,-71.0242
Brockway,PA,3,1,41.2472,-78.793
Brocton,NY,1,2,42.3898,-79.4428
Brodhead,WI,0,2,42.6168,-89.3756
Brodheadsville,PA,0,1,40.9267,-75.4017
Broken Bow,OK,1,0,34.0292,-94.7426
Bronx,NY,10,17,40.8501,-73.8662
Brook,IN,0,1,40.8664,-87.3653
Brook Park,OH,12,24,41.4036,-81.8219
Brookfield,IL,3,0,41.8245,-87.847
Brookfield,MO,0,1,39.7853,-93.0772
Brookfield,WI,0,2,43.064,-88.1231
Brookfield Center,OH,1,0,41.2384,-80.5548
Brookhaven,MS,1,8,31.5803,-90.4432
Brooklet,GA,3,2,32.3897,-81.6668
Brooklyn,NY,33,24,40.6501,-73.9496
Brooklyn,OH,6,3,41.4349,-81.7497
Brooklyn Heights,OH,8,5,41.418,-81.6681
Brooklyn Park,MN,2,0,45.1112,-93.3505
Brooks,KY,2,1,38.0656,-85.7177
Brookston,TX,1,0,33.6232,-95.7001
Brooksville,FL,2,1,28.5404,-82.3903
Brookville,IN,10,10,39.4231,-85.0105
Brookville,OH,2,3,39.8393,-84.4176
Brookville,PA,13,10,41.1615,-79.0827
Brown Deer,WI,1,0,43.1743,-87.975
Browns Mills,NJ,1,0,39.9737,-74.569
Brownsburg,IN,40,37,39.8337,-86.383
Brownstown,IN,1,0,38.879,-86.0478
Brownsville,PA,0,7,40.0188,-79.8912
Brownsville,TN,8,17,35.589,-89.2578
Brownsville,TX,0,1,25.9975,-97.458
Brownsville,WI,3,0,43.6147,-88.4953
Brownwood,TX,1,0,31.7127,-98.9767
Bruce,MS,2,0,33.9909,-89.3454
Bruceton Mills,WV,0,1,39.6594,-79.6406
Brundidge,AL,3,0,31.7182,-85.8178
Brunswick,GA,1,7,31.1449,-81.4746
Brunswick,OH,2,5,41.2465,-81.8198
Brushton,NY,0,1,44.8308,-74.5117
Bryan,OH,2,16,41.4706,-84.5483
Bryant,AR,0,2,34.6152,-92.4914
Bryson City,NC,6,1,35.4262,-83.4475
Buchanan,GA,2,1,33.803,-85.1804
Buchanan,MI,2,2,41.8283,-86.3656
Buchanan,NY,0,1,41.2642,-73.9468
Buckhannon,WV,8,12,38.9927,-80.2281
Buckner,KY,19,6,38.3903,-85.4535
Bucks,AL,1,0,31.0169,-88.0249
Bucyrus,OH,4,116,40.8054,-82.9719
Budd Lake,NJ,9,0,40.8733,-74.7375
Buena Vista,GA,6,5,32.3188,-84.5177
Buena Vista,VA,3,21,37.7319,-79.3568
Buffalo,NY,133,151,42.9018,-78.8487
Buffalo,SC,1,0,34.7244,-81.6844
Buford,GA,16,72,34.1192,-83.9903
Bulls Gap,TN,10,0,36.2615,-83.0788
Bunnell,FL,1,0,29.4193,-81.3231
Burgaw,NC,35,10,34.5509,-77.9224
Burgettstown,PA,58,4,40.3814,-80.3926
Burlington,IA,1,1,40.8071,-91.1247
Burlington,KY,1,0,39.0223,-84.7217
Burlington,NC,49,122,36.076,-79.4685
Burlington,VT,0,2,44.4876,-73.2316
Burlington,WI,3,0,42.6744,-88.2721
Burlington,WV,0,1,39.337,-78.9223
Burlington Flats,NY,1,0,42.7404,-75.1843
Burnham,PA,3,1,40.6352,-77.5631
Burns,TN,1,1,36.0508,-87.2984
Burns Harbor,IN,5,3,41.6187,-87.1257
Burnside,KY,4,1,37.0042,-84.6489
Burnsville,MN,1,1,44.7648,-93.2793
Burnsville,MS,3,0,34.8348,-88.3177
Burnsville,NC,6,3,35.9163,-82.2977
Burton,OH,1,3,41.4708,-81.1456
Butler,GA,0,1,32.557,-84.2377
Butler,IN,33,2,41.4274,-84.8721
Butler,KY,1,0,38.7877,-84.372
Butler,NJ,0,1,40.999,-74.3472
Butler,PA,155,20,40.8616,-79.8962
Butler,WI,0,4,43.1084,-88.0713
Butner,NC,6,56,36.1285,-78.7501
Buxton,NC,0,3,35.2511,-75.5475
Byesville,OH,13,2,39.9733,-81.5459
Byhalia,MS,7,7,34.869,-89.689
Byron,GA,0,1,32.6476,-83.7539
Byron Center,MI,5,4,42.8121,-85.7279
CALAIS,ME,2,9,45.134,-67.224
CARIBOU,ME,0,2,46.8662,-67.992
Cabool,MO,0,1,37.1262,-92.1032
Cadillac,MI,2,2,44.2493,-85.4164
Cadiz,KY,2,0,36.8695,-87.8048
Cadiz,OH,0,2,40.2644,-80.998
Cairo,GA,2,1,30.879,-84.205
Cairo,IL,1,0,37.0062,-89.1819
Cairo,MO,0,1,39.5112,-92.4411
Calabash,NC,0,2,33.8957,-78.5514
Caldwell,OH,3,2,39.7468,-81.5127
Caledonia,MI,2,7,42.7945,-85.5153
Caledonia,MN,1,0,43.6344,-91.5009
Caledonia,OH,17,1,40.6364,-82.9695
Calera,AL,0,9,33.1254,-86.7449
Calhoun,GA,42,22,34.491,-84.9386
Calhoun,KY,8,1,37.5411,-87.2596
Calhoun,TN,5,4,35.2993,-84.7472
Calhoun Falls,SC,0,5,34.0933,-82.5963
Califon,NJ,0,1,40.7193,-74.8371
Callery,PA,0,1,40.7393,-80.0379
Calumet Park,IL,1,0,41.665,-87.6577
Calvert,AL,2,0,31.154,-88.0169
Calvert City,KY,10,3,37.0294,-88.3602
Calverton,NY,1,2,40.9138,-72.766
Camanche,IA,1,0,41.7923,-90.277
Cambria,WI,1,0,43.5416,-89.1108
Cambridge,MA,0,5,42.3759,-71.1185
Cambridge,MD,611,42,38.5515,-76.0787
Cambridge,MN,0,1,45.5612,-93.2283
Cambridge,OH,12,30,40.0221,-81.5869
Cambridge,PA,3,1,40.0804,-75.9439
Cambridge City,IN,0,1,39.8125,-85.1703
Cambridge Springs,PA,1,4,41.802,-80.0598
Camden,DE,0,1,39.099,-75.5571
Camden,MI,4,0,41.755,-84.7562
Camden,NC,0,1,36.325,-76.17
Camden,NJ,231,34,39.9361,-75.1073
Camden,OH,4,1,39.6372,-84.6446
Camden,SC,15,15,34.257,-80.609
Camden,TN,9,4,36.0663,-88.1047
Cameron,MO,1,0,39.7444,-94.2329
Cameron,SC,0,1,33.558,-80.715
Camp Dennison,OH,0,1,39.1933,-84.2899
Camp Hill,PA,22,37,40.2422,-76.9274
Camp Springs,MD,0,1,38.8052,-76.9199
Campbell Hill,IL,1,0,37.9305,-89.5515
Campbellsburg,IN,0,1,38.6514,-86.2613
Campbellsport,WI,0,1,43.5975,-88.2814
Campbellsville,KY,1,3,37.3445,-85.3511
Campobello,SC,0,2,35.126,-82.1488
Canaan,CT,2,2,42.0347,-73.3322
Canal Fulton,OH,1,3,40.8895,-81.5882
Canal Winchester,OH,1,120,39.8437,-82.8126
Canastota,NY,21,8,43.0836,-75.7559
Candor,NC,2,20,35.2964,-79.7323
Canfield,OH,1,4,41.0291,-80.7698
Cannelburg,IN,0,1,38.668,-86.9977
Canon,GA,1,0,34.3455,-83.1107
Canonsburg,PA,6,132,40.2643,-80.1867
Canton,GA,0,1,34.2467,-84.4897
Canton,MS,1,0,32.5975,-90.0317
Canton,NC,11,4,35.5516,-82.8407
Canton,OH,64,49,40.8078,-81.3676
Canton,SD,0,1,43.3032,-96.5848
Canton,TX,0,1,32.5546,-95.8641
Cape Canaveral,FL,2,0,28.3933,-80.6049
Cape Charles,VA,2,2,37.257,-76.0093
Cape Coral,FL,104,100,26.6443,-81.9957
Cape Girardeau,MO,2,1,37.3109,-89.5597
Cape May,NJ,0,56,38.9409,-74.9042
Cape May Court House,NJ,1,0,39.0788,-74.8205
Capitol Heights,MD,37,50,38.8765,-76.9075
Carbondale,IL,7,0,37.7221,-89.2237
Carbondale,PA,8,2,41.5714,-75.5048
Carey,OH,103,7,40.9497,-83.3831
Carleton,MI,2,0,42.0572,-83.3899
Carlisle,AR,1,0,34.7947,-91.7361
Carlisle,IA,2,0,41.5118,-93.495
Carlisle,OH,21,1,39.5807,-84.3201
Carlisle,PA,192,397,40.2,-77.2034
Carlisle,SC,0,1,34.5921,-81.4645
Carlstadt,NJ,20,71,40.8247,-74.0613
Carmel,IN,9,4,39.965,-86.146
Carmi,IL,10,2,38.0861,-88.1722
Carmichaels,PA,8,0,39.8977,-79.9749
Carnegie,PA,4,9,40.408,-80.0861
Carnesville,GA,0,1,34.3729,-83.2328
Caro,MI,0,2,43.4891,-83.4025
Carol Stream,IL,11,2,41.9181,-88.1307
Carpentersville,IL,0,1,42.1227,-88.2896
Carrboro,NC,0,1,35.9259,-79.0878
Carrington,ND,0,1,47.452,-99.1307
Carroll,IA,1,0,42.0699,-94.8646
Carrollton,GA,11,18,33.5818,-85.0838
Carrollton,KY,10,9,38.6799,-85.1658
Carrollton,MO,1,0,39.3636,-93.4955
Carrollton,OH,2,8,40.5787,-81.0907
Carrollton,TX,0,1,32.989,-96.8999
Carteret,NJ,53,46,40.5849,-74.2284
Cartersville,GA,122,36,34.1644,-84.8009
Carthage,MO,2,1,37.1503,-94.3225
Carthage,NC,0,1,35.3224,-79.4114
Carthage,NY,19,10,43.9837,-75.6021
Carthage,TN,0,2,36.2566,-85.943
Cary,NC,5,28,35.7819,-78.8195
Caryville,TN,1,0,36.3252,-84.2199
Cashiers,NC,0,1,35.1066,-83.0971
Cassopolis,MI,0,1,41.9116,-86.0085
Castalia,NC,0,1,36.0823,-78.0576
Castalia,OH,0,1,41.4011,-82.808
Castle Hayne,NC,0,7,34.3583,-77.9114
Castleton-on-Hudson,NY,1,7,42.5332,-73.7491
Castlewood,SD,0,1,44.7242,-97.0309
Castlewood,VA,1,0,36.8782,-82.2879
Castorland,NY,1,0,43.8862,-75.5164
Catawba,NC,17,56,35.7095,-81.0668
Catawba,SC,168,4,34.8464,-80.9061
Catawissa,PA,6,0,40.9531,-76.4604
Catlett,VA,0,2,38.654,-77.637
Catonsville,MD,0,1,39.2646,-76.7424
Catoosa,OK,0,2,36.1834,-95.768
Cave City,KY,1,1,37.14,-85.9646
Cave Spring,VA,0,1,37.2254,-80.0072
Cavetown,MD,1,0,39.6426,-77.5933
Cayce,SC,6,16,33.9459,-81.0429
Cayuga,IN,6,0,39.9474,-87.4644
Cedar Bluff,VA,0,5,37.0876,-81.7633
Cedar Falls,IA,0,3,42.5195,-92.4536
Cedar Hill,TX,0,1,32.581,-96.9591
Cedar Point,NC,0,1,34.6861,-77.0833
Cedar Rapids,IA,9,2,41.9662,-91.6783
Cedar Springs,GA,1,0,31.1873,-85.0324
Cedar Springs,MI,3,0,43.2201,-85.5535
Cedartown,GA,4,7,34.0223,-85.2479
Celina,OH,10,6,40.555,-84.5626
Celina,TN,0,1,36.5469,-85.5043
Celina,TX,0,1,33.3154,-96.7941
Center,TX,1,0,31.793,-94.1795
Centerburg,OH,2,0,40.3038,-82.6976
Centerville,IN,0,3,39.8321,-84.9922
Centerville,LA,0,1,29.7558,-91.428
Centerville,MN,1,0,45.164,-93.054
Centerville,PA,1,0,40.03,-79.9633
Centerville,TN,1,1,35.8042,-87.4577
Central,SC,0,1,34.7235,-82.7788
Central Bridge,NY,2,0,42.711,-74.3452
Central City,KY,2,3,37.2963,-87.128
Central Falls,RI,1,0,41.8901,-71.3934
Central Islip,NY,0,4,40.7836,-73.1945
Central Square,NY,0,1,43.286,-76.1419
Centralia,IL,8,3,38.5224,-89.1232
Centralia,MO,0,1,39.2105,-92.1342
Centre,AL,1,0,34.1537,-85.6689
Centre Hall,PA,0,2,40.8448,-77.685
Centreville,MD,8,7,39.042,-76.063
Centreville,MI,0,1,41.9213,-85.5259
Centreville,VA,0,1,38.839,-77.4389
Chadbourn,NC,1,7,34.3251,-78.825
Chalfont,PA,6,9,40.2893,-75.2095
Chalmers,IN,0,1,40.6624,-86.8679
Chambersburg,PA,74,132,39.9315,-77.6556
Chamblee,GA,0,2,33.8842,-84.3007
Chamois,MO,0,1,38.6763,-91.77
Champaign,IL,4,3,40.1142,-88.2737
Chandler,IN,1,0,38.0373,-87.3739
Chanhassen,MN,1,0,44.8546,-93.5621
Channahon,IL,2,0,41.421,-88.2599
Channelview,TX,2,0,29.7914,-95.1144
Chantilly,VA,2,43,38.8868,-77.4453
Chapel Hill,NC,0,4,35.9271,-79.0391
Chapel Hill,TN,1,0,35.6283,-86.697
Chapin,IL,0,1,39.7669,-90.4027
Chapin,SC,0,3,34.165,-81.3446
Chardon,OH,10,7,41.5798,-81.207
Chariton,IA,0,2,41.0175,-93.3097
Charleroi,PA,5,13,40.1384,-79.9002
Charles City,VA,2,8,37.344,-77.0687
Charles Town,WV,0,4,39.2746,-77.8631
Charleston,IL,2,3,39.4842,-88.1781
Charleston,SC,142,108,32.8168,-79.9687
Charleston,TN,3,0,35.2862,-84.7611
Charleston,WV,7,30,38.3484,-81.6322
Charlestown,IN,8,6,38.427,-85.6677
Charlestown,MD,0,1,39.5783,-75.9812
Charlevoix,MI,4,0,45.3137,-85.2558
Charlotte,MI,1,7,42.5662,-84.8304
Charlotte,NC,2902,2855,35.2083,-80.8303
Charlotte Court House,VA,2,0,37.0563,-78.6377
Charlotte Hall,MD,1,2,38.4667,-76.7848
Charlottesville,VA,1,17,38.0375,-78.4855
Chase,KS,1,0,38.3551,-98.3489
Chase City,VA,4,2,36.7998,-78.461
Chaska,MN,0,1,44.8164,-93.6091
Chatham,VA,10,6,36.8185,-79.3967
Chatsworth,GA,26,9,34.7808,-84.7835
Chatsworth,IL,1,0,40.7293,-88.2974
Chattanooga,TN,126,113,35.066,-85.2481
Chattanooga Valley,GA,0,1,34.9241,-85.3431
Cheboygan,MI,1,0,45.641,-84.4687
Chelsea,MA,0,3,42.3959,-71.0325
Chelsea,MI,8,2,42.3132,-84.0188
Cheraw,SC,185,111,34.6956,-79.9084
Cherokee,AL,3,1,34.7577,-87.967
Cherokee,NC,0,5,35.486,-83.3011
Cherry Valley,AR,0,2,35.4028,-90.7536
Cherryville,NC,23,21,35.3844,-81.3781
Chesapeake,VA,166,158,36.6778,-76.3023
Cheshire,OH,5,0,38.9502,-82.113
Chesnee,SC,2,23,35.1461,-81.863
Chester,MD,0,1,38.9677,-76.2824
Chester,NY,21,32,41.357,-74.2768
Chester,PA,21,17,39.8456,-75.3718
Chester,SC,106,46,34.7051,-81.2132
Chester,VA,121,75,37.3531,-77.4342
Chester,WV,1,0,40.6129,-80.5628
Chesterfield,MO,2,1,38.6589,-90.5803
Chesterfield,SC,1,0,34.733,-80.0778
Chesterland,OH,0,4,41.5269,-81.3545
Chesterton,IN,1,1,41.5997,-87.055
Chestertown,MD,6,15,39.2182,-76.0714
Cheswick,PA,10,82,40.5428,-79.8013
Cheverly,MD,4,3,38.9254,-76.9141
Cheyenne,WY,4,1,41.135,-104.7902
Chicago,IL,41,24,41.8375,-87.6866
Chicago Heights,IL,8,3,41.51,-87.6345
Chickamauga,GA,2,0,34.8753,-85.2885
Chicopee,MA,18,8,42.1764,-72.5719
Chicora,PA,0,3,40.9505,-79.7401
Chiefland,FL,0,2,29.4923,-82.8682
Childersburg,AL,4,0,33.2962,-86.3456
Childress,TX,0,1,34.4293,-100.2516
Chilhowie,VA,2,2,36.8009,-81.6832
Chillicothe,IL,0,1,40.9158,-89.502
Chillicothe,OH,17,17,39.3393,-82.9939
Chilton,WI,1,1,44.0293,-88.1625
China Grove,NC,2,22,35.572,-80.5791
Chipley,FL,1,0,30.7752,-85.5406
Chippewa Falls,WI,2,1,44.9358,-91.3902
Chocowinity,NC,3,3,35.5148,-77.1017
Christiansburg,VA,2,5,37.1406,-80.4036
Church Hill,TN,76,16,36.5204,-82.7151
Churchville,NY,30,1,43.1034,-77.8825
Churubusco,IN,1,1,41.231,-85.3197
Cicero,IL,1,1,41.8445,-87.7593
Cincinnati,OH,300,173,39.1413,-84.506
Circle Pines,MN,1,0,45.1409,-93.1505
Circleville,OH,28,36,39.6063,-82.9334
Clanton,AL,0,3,32.8444,-86.6233
Clare,MI,2,3,43.8259,-84.763
Claremont,NC,51,35,35.7104,-81.1532
Claremont,NH,0,5,43.379,-72.3368
Claremore,OK,1,0,36.3146,-95.6095
Clarence,PA,1,1,41.0466,-77.9507
Clarence Center,NY,0,1,43.0085,-78.6309
Clarinda,IA,1,1,40.7377,-95.0338
Clarington,OH,2,1,39.7763,-80.8647
Clarion,PA,10,1,41.2106,-79.3803
Clarkesville,GA,0,1,34.6103,-83.5284
Clarkrange,TN,0,3,36.1857,-85.0096
Clarks Summit,PA,2,2,41.4902,-75.7065
Clarksburg,MD,0,1,39.2246,-77.2659
Clarksburg,WV,13,11,39.2862,-80.3232
Clarkston,GA,1,0,33.8117,-84.2403
Clarksville,AR,1,2,35.457,-93.4803
Clarksville,IN,1,1,38.322,-85.7673
Clarksville,OH,1,0,39.4016,-83.983
Clarksville,TN,72,66,36.5692,-87.3413
Clarksville,VA,2,6,36.6171,-78.5638
Clarkton,NC,17,6,34.4891,-78.6559
Claxton,GA,4,0,32.1613,-81.9094
Claymont,DE,2,10,39.8032,-75.4607
Claypool,IN,2,0,41.1306,-85.8826
Claysburg,PA,19,31,40.2915,-78.4514
Clayton,DE,2,0,39.2849,-75.6366
Clayton,GA,0,1,34.8775,-83.4027
Clayton,IN,15,10,39.6892,-86.5234
Clayton,NC,34,140,35.659,-78.4498
Clayton,NJ,1,0,39.6627,-75.0782
Clayton,OH,2,6,39.8689,-84.3292
Clayville,NY,0,1,42.9748,-75.2489
Clear Lake,WI,1,0,45.2491,-92.2675
Clear Spring,MD,0,1,39.6562,-77.9304
Clearfield,PA,3,2,41.0216,-78.439
Clearville,PA,1,0,39.9168,-78.3839
Clearwater,FL,5,3,27.979,-82.7623
Clearwater,KS,1,0,37.5096,-97.4975
Clearwater,SC,0,2,33.5038,-81.91
Cleburne,TX,6,1,32.3568,-97.4151
Clementon,NJ,0,1,39.8046,-74.985
Clemmons,NC,3,29,36.0319,-80.3861
Clemson,SC,1,2,34.6837,-82.8124
Clermont,FL,1,4,28.5325,-81.7208
Cleveland,GA,3,5,34.597,-83.7622
Cleveland,MS,0,1,33.744,-90.7285
Cleveland,NC,4,23,35.7331,-80.6817
Cleveland,OH,120,159,41.4764,-81.6805
Cleveland,TN,65,114,35.1817,-84.8707
Cleves,OH,1,1,39.1635,-84.7468
Clewiston,FL,2,1,26.7529,-80.9399
Clifton,NJ,17,57,40.863,-74.1575
Clifton Forge,VA,5,1,37.8232,-79.825
Clifton Hill,MO,0,1,39.4387,-92.6642
Clinton,IA,1,1,41.8435,-90.2412
Clinton,IL,0,1,40.1468,-88.9633
Clinton,IN,1,4,39.6608,-87.4045
Clinton,KY,0,1,36.6663,-88.9938
Clinton,MO,2,0,38.3716,-93.7679
Clinton,MS,2,1,32.354,-90.3403
Clinton,NC,184,50,35.0004,-78.3313
Clinton,PA,8,6,40.4923,-80.297
Clinton,SC,42,9,34.4781,-81.8638
Clinton,TN,9,13,36.0981,-84.1283
Clintonville,WI,4,1,44.6222,-88.7513
Clio,SC,1,1,34.5791,-79.5461
Clive,IA,1,0,41.6147,-93.798
Cloquet,MN,1,0,46.7221,-92.4923
Closter,NJ,3,1,40.9733,-73.9604
Clover,SC,5,15,35.1125,-81.2202
Clover,VA,2,1,36.8389,-78.7284
Cloverdale,VA,3,1,37.3566,-79.9055
Clyde,NC,0,1,35.533,-82.9108
Clyde,NY,0,1,43.0839,-76.8707
Clyde,OH,45,24,41.3044,-82.9781
Clyman,WI,1,0,43.3116,-88.7232
Coal Center,PA,1,6,40.07,-79.9009
Coal City,IL,3,1,41.2772,-88.2803
Coal City,WV,0,1,37.6776,-81.218
Coalmont,TN,1,0,35.3458,-85.7113
Coatesville,PA,66,25,39.9849,-75.82
Coats,NC,4,1,35.407,-78.6684
Cochranton,PA,2,6,41.5191,-80.047
Cockeysville,MD,23,16,39.4804,-76.6294
Cocoa,FL,0,1,28.382,-80.7675
Coconut Creek,FL,1,0,26.2803,-80.1842
Coeburn,VA,2,1,36.9444,-82.4698
Cofield,NC,8,4,36.3567,-76.9106
Cohoes,NY,32,6,42.7732,-73.7077
Cohutta,GA,1,0,34.9539,-84.9592
Cold Spring,KY,1,0,39.013,-84.435
Cold Spring,MN,6,3,45.457,-94.4297
Coldwater,MI,9,12,41.9465,-84.9989
Coldwater,OH,6,3,40.4828,-84.6321
Coleman,MI,3,0,43.7588,-84.5869
Coleman,TX,0,1,31.8317,-99.4223
College Park,GA,10,29,33.6363,-84.464
Collegedale,TN,3,0,35.0526,-85.0488
Collegeville,PA,2,2,40.1873,-75.4581
Collierville,TN,3,10,35.047,-89.6987
Collins,GA,0,1,32.1794,-82.1103
Collinsville,IL,0,3,38.677,-90.0063
Collinsville,VA,1,2,36.7215,-79.9122
Collinwood,TN,3,1,35.1746,-87.7442
Coloma,MI,2,0,42.1864,-86.3083
Colon,NE,1,0,41.2981,-96.6069
Colonial Heights,VA,7,26,37.265,-77.3969
Colorado Springs,CO,1,0,38.8674,-104.7605
Colquitt,GA,1,0,31.1741,-84.7319
Columbia,KY,1,0,37.1036,-85.3073
Columbia,LA,1,0,32.1026,-92.077
Columbia,MD,10,129,39.2004,-76.859
Columbia,MO,2,6,38.9472,-92.3268
Columbia,MS,3,0,31.2564,-89.8266
Columbia,NC,8,2,35.92,-76.2421
Columbia,NJ,0,1,40.926,-75.0945
Columbia,PA,9,6,40.0347,-76.4944
Columbia,SC,790,628,34.0378,-80.9036
Columbia,TN,13,11,35.6238,-87.0484
Columbia City,IN,25,9,41.1612,-85.4855
Columbiana,AL,1,1,33.193,-86.6114
Columbiana,OH,24,2,40.8872,-80.6757
Columbus,GA,8,11,32.51,-84.8771
Columbus,IN,56,49,39.2093,-85.9183
Columbus,MS,3,5,33.5088,-88.4096
Columbus,NC,3,6,35.2656,-82.1976
Columbus,OH,262,360,39.9862,-82.9855
Columbus,TX,0,1,29.7056,-96.5571
Columbus Grove,OH,1,0,40.9205,-84.0598
Combined Locks,WI,0,2,44.2642,-88.3064
Commack,NY,2,2,40.8435,-73.2833
Commerce,GA,22,24,34.2134,-83.4733
Commerce,TX,0,2,33.2421,-95.8992
Commerce City,CO,0,1,39.8641,-104.843
Comstock Park,MI,0,2,43.0438,-85.6778
Concord,NC,384,547,35.3933,-80.6369
Concord,NH,16,6,43.2305,-71.5595
Concord,VA,0,1,37.3426,-78.9862
Concordia,KS,1,0,39.5669,-97.6467
Concordia,MO,1,1,38.9878,-93.5683
Congers,NY,0,2,41.1491,-73.9457
Conley,GA,0,3,33.6399,-84.3376
Conneaut,OH,5,1,41.9275,-80.5685
Connellsville,PA,4,5,40.0161,-79.5893
Connelly Springs,NC,1,3,35.755,-81.4971
Connersville,IN,3,8,39.6582,-85.141
Conover,NC,120,76,35.7154,-81.2174
Conrad,IA,1,0,42.2234,-92.8741
Conroe,TX,1,1,30.3238,-95.4824
Conshohocken,PA,5,7,40.0772,-75.3034
Constantine,MI,6,0,41.8378,-85.665
Converse,TX,1,0,29.5091,-98.3084
Conway,AR,6,3,35.0753,-92.4692
Conway,NC,8,9,36.4371,-77.2288
Conway,SC,20,71,33.8401,-79.0431
Conyers,GA,33,29,33.6646,-83.9966
Cookeville,TN,8,16,36.1482,-85.5109
Coon Rapids,MN,0,1,45.1755,-93.3094
Cooperstown,NY,0,2,42.6996,-74.93
Coopersville,MI,2,14,43.0658,-85.9341
Cope,SC,1,0,33.3777,-81.0079
Coppell,TX,3,1,32.9639,-96.9903
Coraopolis,PA,4,76,40.5148,-80.1627
Corbin,KY,15,43,36.9323,-84.1006
Cordele,GA,8,12,31.9563,-83.7694
Cordova,IL,0,1,41.6775,-90.3218
Cordova,NC,241,186,34.9103,-79.8119
Corfu,NY,1,0,42.9611,-78.4028
Corinth,MS,5,1,34.9474,-88.5143
Cornelia,GA,1,1,34.517,-83.5311
Cornelius,NC,2,13,35.4724,-80.8813
Cornell,WI,1,1,45.1632,-91.1497
Corning,NY,3,2,42.147,-77.0561
Corpus Christi,TX,0,1,27.7254,-97.3767
Corry,PA,12,9,41.9259,-79.6358
Corsicana,TX,1,0,32.0824,-96.4665
Cortland,NY,4,10,42.6004,-76.1784
Cortland,OH,2,1,41.3319,-80.7195
Corunna,MI,0,1,42.9837,-84.1162
Corydon,IN,1,2,38.213,-86.1257
Cosby,TN,1,0,35.7952,-83.2457
Coshocton,OH,18,7,40.2618,-81.848
Cottage Grove,MN,1,0,44.8161,-92.9274
Cottondale,AL,0,5,33.1923,-87.4543
Cottontown,TN,1,0,36.449,-86.5336
Coudersport,PA,2,0,41.7758,-78.016
Counce,TN,9,1,35.0404,-88.2717
Council Bluffs,IA,3,0,41.2369,-95.8516
Country Club Hills,IL,0,2,41.5636,-87.7251
Country Knolls,NY,1,0,42.9085,-73.807
Courtland,AL,2,0,34.6703,-87.326
Courtland,VA,4,3,36.7123,-77.062
Cove City,NC,3,0,35.189,-77.3206
Covington,GA,32,32,33.6049,-83.8463
Covington,IN,0,1,40.1408,-87.3917
Covington,KY,7,5,39.0334,-84.5166
Covington,OH,5,0,40.1174,-84.3509
Covington,TN,0,3,35.566,-89.6482
Covington,VA,32,9,37.7786,-79.9867
Cowen,WV,0,3,38.411,-80.5542
Cowpens,SC,76,121,35.0186,-81.8041
Coyle,OK,0,1,35.9568,-97.2396
Crab Orchard,TN,2,0,35.9066,-84.8847
Crab Orchard,WV,0,5,37.741,-81.2298
Craigsville,WV,4,2,38.3246,-80.645
Craigville,IN,1,0,40.7784,-85.0908
Crane,IN,1,0,38.8943,-86.9012
Cranford,NJ,6,3,40.6548,-74.3053
Cranston,RI,15,6,41.7658,-71.4858
Crawford,GA,0,1,33.8831,-83.1551
Crawfordsville,AR,2,0,35.2267,-90.3241
Crawfordsville,IN,43,17,40.0428,-86.8976
Cream Ridge,NJ,3,1,40.1326,-74.5348
Creedmoor,NC,2,23,36.1224,-78.6757
Crenshaw,MS,1,0,34.5047,-90.1946
Cresson,PA,1,4,40.4626,-78.5866
Cressona,PA,1,17,40.6304,-76.1939
Crestline,OH,6,2,40.7836,-82.7458
Creston,IA,2,0,41.0598,-94.365
Crestwood,IL,1,0,41.6454,-87.7397
Creswell,NC,1,0,35.8743,-76.4031
Crete,IL,1,0,41.4401,-87.6235
Crewe,VA,1,0,37.1812,-78.1307
Cridersville,OH,0,4,40.6509,-84.1428
Crisfield,MD,2,4,37.984,-75.8512
Crittenden,KY,0,1,38.7755,-84.6137
Crockett,TX,1,0,31.3177,-95.4564
Crofton,MD,0,1,39.0144,-76.68
Crooksville,OH,1,0,39.769,-82.0956
Cross Lanes,WV,0,1,38.4351,-81.7707
Crossville,AL,1,0,34.2852,-85.9996
Crossville,TN,77,14,35.9526,-85.0295
Croswell,MI,9,0,43.2736,-82.6177
Crothersville,IN,6,70,38.7944,-85.8399
Crouse,NC,0,2,35.4214,-81.3027
Crowley,LA,1,0,30.2175,-92.3752
Crowley,TX,1,0,32.5781,-97.3585
Crown Point,IN,0,1,41.4143,-87.3457
Croydon,PA,10,9,40.0911,-74.8975
Crozet,VA,0,1,38.0645,-78.6961
Crystal,MI,2,0,43.2642,-84.9276
Crystal Lake,IL,0,1,42.2333,-88.3351
Crystal Springs,MS,3,0,31.9903,-90.354
Cuba,MO,1,1,38.0671,-91.4057
Cudahy,WI,0,1,42.9467,-87.8641
Cullman,AL,9,17,34.1775,-86.8407
Culloden,WV,3,68,38.4154,-82.0705
Culpeper,VA,2,23,38.4704,-78.0001
Culver,IN,1,0,41.2166,-86.4243
Cumberland,MD,27,18,39.6515,-78.7584
Cumberland,VA,0,1,37.4914,-78.2577
Cumberland City,TN,10,5,36.3828,-87.6403
Cumming,GA,5,9,34.2063,-84.1339
Curtice,OH,0,1,41.616,-83.3743
Curwensville,PA,0,4,40.9735,-78.519
Cutchogue,NY,3,0,41.0168,-72.4871
Cuyahoga Falls,OH,23,8,41.1641,-81.5207
Cuyahoga Heights,OH,4,0,41.435,-81.6562
Cygnet,OH,0,1,41.2407,-83.6437
Cynthiana,KY,0,5,38.386,-84.2992
Cypress,IL,2,0,37.3655,-89.0187
Dacula,GA,1,19,33.9815,-83.8952
Dadeville,AL,0,1,32.8326,-85.7675
Dahlgren,IL,8,0,38.198,-88.6847
Dahlgren,VA,0,2,38.3443,-77.0624
Dahlonega,GA,1,0,34.5311,-83.9804
Dale,IN,4,0,38.1769,-86.9802
Daleville,VA,5,7,37.415,-79.9132
Dallas,GA,2,0,33.9152,-84.8416
Dallas,NC,66,11,35.3169,-81.183
Dallas,TX,24,11,32.7935,-96.7667
Dallastown,PA,0,2,39.8996,-76.641
Dalmatia,PA,0,1,40.65,-76.9027
Dalton,GA,128,47,34.769,-84.972
Dalton,OH,6,3,40.7995,-81.7033
Dalton,PA,0,2,41.5382,-75.739
Damascus,MD,0,1,39.2701,-77.1957
Damon,TX,0,1,29.2832,-95.7408
Danbury,CT,2,13,41.4015,-73.4709
Danby,VT,1,0,43.3452,-72.9946
Dandridge,TN,10,7,36.0284,-83.4308
Daniels,WV,1,2,37.724,-81.1267
Danielson,CT,0,4,41.8086,-71.8854
Dansville,NY,0,1,42.5625,-77.6968
Danville,IL,19,10,40.1426,-87.6111
Danville,KY,29,9,37.6418,-84.7777
Danville,PA,2,5,40.9615,-76.6121
Danville,VA,92,79,36.5831,-79.4088
Darien,GA,0,1,31.3568,-81.4314
Darien,WI,0,2,42.6007,-88.7129
Darlington,SC,409,123,34.3015,-79.867
Davenport,FL,4,3,28.1587,-81.6083
Davenport,IA,5,5,41.5565,-90.6053
Davidson,NC,0,1,35.484,-80.8247
Davison,MI,0,1,43.0318,-83.5187
Dawson,GA,2,0,31.7721,-84.4437
Dawsonville,GA,3,0,34.4362,-84.125
Dayton,NJ,194,115,40.3768,-74.5112
Dayton,OH,67,44,39.7805,-84.2003
Dayton,PA,0,1,40.8812,-79.2411
Dayton,TN,11,7,35.4912,-85.012
Dayton,VA,1,2,38.4173,-78.9412
Daytona Beach,FL,7,6,29.1995,-81.0982
Dayville,CT,1,5,41.8443,-71.8823
De Graff,MN,1,0,45.26,-95.4683
De Pere,WI,3,5,44.4308,-88.0785
De Soto,MO,0,2,38.141,-90.5609
Dearborn,MI,4,5,42.3127,-83.213
Dearborn Heights,MI,0,1,42.3164,-83.2769
Decatur,AL,41,7,34.5731,-86.9905
Decatur,GA,2,3,33.7711,-84.2963
Decatur,IL,56,6,39.8557,-88.9342
Decatur,IN,13,2,40.8286,-84.9277
Decatur,TN,1,1,35.529,-84.7933
Decaturville,TN,0,1,35.5819,-88.1195
Deer Creek,IL,1,0,40.6293,-89.3313
Deer Park,NY,2,4,40.7623,-73.3218
Deerfield,WI,0,1,43.0491,-89.0762
Deerfield Beach,FL,6,3,26.305,-80.1277
Defiance,OH,20,48,41.2813,-84.3657
Deforest,WI,2,0,43.2301,-89.3431
Dekalb,IL,0,2,41.9314,-88.7481
Deland,FL,2,1,29.0225,-81.2875
Delaware,OH,26,43,40.2851,-83.0741
Delaware City,DE,0,1,39.574,-75.5938
Delaware Water Gap,PA,47,1,40.975,-75.1392
Delbarton,WV,1,1,37.7052,-82.186
Delmar,DE,0,12,38.4651,-75.5553
Delmar,MD,0,1,38.445,-75.5662
Delmont,PA,1,0,40.4145,-79.5728
Delphi,IN,1,1,40.5834,-86.6668
Delphos,OH,12,7,40.8465,-84.3368
Delta,OH,19,17,41.5754,-84.0091
Deltaville,VA,0,8,37.5525,-76.3331
Demopolis,AL,16,2,32.498,-87.8298
Dendron,VA,0,1,37.0364,-76.9241
Denham Springs,LA,1,0,30.4743,-90.9593
Denison,TX,0,1,33.7672,-96.5808
Denmark,SC,23,17,33.3152,-81.1364
Dennisville,NJ,0,1,39.2018,-74.8217
Denton,MD,0,4,38.877,-75.8264
Denton,NC,2,9,35.6378,-80.1106
Denton,TX,6,1,33.2175,-97.1418
Denver,CO,1,4,39.762,-104.8758
Denver,NC,7,17,35.5344,-81.034
Denver,PA,24,73,40.2326,-76.1392
Depauw,IN,1,4,38.3351,-86.2175
Depew,NY,15,16,42.9118,-78.7043
Derby,CT,0,5,41.3265,-73.0833
Deridder,LA,2,0,30.8468,-93.2931
Derry,PA,0,1,40.3335,-79.3011
Derwood,MD,3,0,39.1136,-77.151
Des Moines,IA,10,5,41.5725,-93.6105
Des Peres,MO,0,1,38.5973,-90.448
Des Plaines,IL,3,2,42.0345,-87.9008
Deshler,OH,1,2,41.2074,-83.9055
Detroit,MI,45,49,42.3834,-83.1024
Devens,MA,33,6,42.5439,-71.6146
Dewitt,AR,2,0,34.2874,-91.3383
Dewitt,IA,1,2,41.8227,-90.5448
Dexter,MI,0,1,42.3319,-83.8803
Dexter,MN,0,1,43.7194,-92.7017
Dexter,NY,0,3,44.0111,-76.0425
Diagonal,IA,0,1,40.8104,-94.342
Dickson,TN,54,15,36.0637,-87.3665
Dillon,SC,82,47,34.4233,-79.3689
Dillsburg,PA,0,6,40.1103,-77.0335
Dillwyn,VA,5,0,37.5411,-78.4613
Disputanta,VA,5,62,37.1236,-77.2249
District Heights,MD,0,1,38.8588,-76.8885
Dix,IL,0,1,38.443,-88.9423
Dixie,WV,1,0,38.2511,-81.1944
Dixmoor,IL,2,0,41.633,-87.6673
Dixon,IL,3,2,41.8439,-89.4794
Dobson,NC,1,1,36.3928,-80.7245
Dodson,LA,1,0,32.0808,-92.6587
Doerun,GA,2,0,31.3218,-83.917
Dolgeville,NY,0,2,43.1031,-74.7749
Donalds,SC,3,0,34.3766,-82.3467
Donalsonville,GA,6,0,31.0404,-84.8792
Doniphan,MO,1,1,36.6234,-90.8219
Donora,PA,3,14,40.1789,-79.8625
Doral,FL,4,2,25.8152,-80.3565
Doraville,GA,2,11,33.9073,-84.2711
Dorchester,WI,1,0,45.0025,-90.3308
Dothan,AL,4,5,31.2336,-85.407
Double Springs,AL,0,1,34.1502,-87.391
Douglas,GA,8,21,31.5065,-82.8544
Douglassville,PA,14,3,40.2577,-75.7251
Douglasville,GA,0,14,33.7384,-84.7054
Dover,DE,29,150,39.161,-75.5202
Dover,FL,2,1,27.9927,-82.2198
Dover,NC,0,1,35.2155,-77.4338
Dover,NH,2,5,43.1887,-70.8845
Dover,NJ,1,6,40.8859,-74.5597
Dover,OH,13,10,40.5304,-81.4806
Dover,TN,1,0,36.4818,-87.8438
Dowagiac,MI,1,5,41.9834,-86.1126
Downing,MO,1,0,40.4873,-92.3689
Downingtown,PA,13,5,40.0076,-75.7019
Downsville,LA,1,0,32.6264,-92.4129
Downsville,NY,1,0,42.0833,-74.9966
Drakesboro,KY,0,1,37.2177,-87.0492
Dresden,TN,2,0,36.279,-88.694
Drew,MS,2,3,33.8101,-90.5304
Dry Ridge,KY,1,2,38.6838,-84.6005
Du Quoin,IL,5,58,38.0019,-89.2323
Dubach,LA,0,4,32.702,-92.6575
Dublin,GA,6,35,32.536,-82.928
Dublin,NC,1,0,34.6562,-78.7231
Dublin,OH,1,5,40.1112,-83.1454
Dublin,PA,0,1,40.373,-75.2041
Dublin,VA,13,67,37.0987,-80.6831
Dubois,PA,45,16,41.1223,-78.7565
Dubuque,IA,3,1,42.5002,-90.707
Dudley,MO,0,3,36.7898,-90.0918
Dudley,NC,18,3,35.2661,-78.0382
Duffield,VA,101,5,36.7196,-82.796
Duluth,GA,16,15,34.0053,-84.1492
Duluth,MN,1,2,46.7756,-92.1393
Dumas,AR,1,0,33.8834,-91.4857
Dumfries,VA,1,0,38.567,-77.3233
Dunbar,WV,5,3,38.3688,-81.7345
Duncan,SC,425,98,34.9342,-82.1443
Duncansville,PA,1,7,40.4263,-78.4303
Dundalk,MD,12,2,39.2704,-76.4942
Dundee,FL,1,2,28.0115,-81.5995
Dundee,MI,4,7,41.9642,-83.6636
Dundee,NY,1,1,42.5236,-76.9775
Dundee,OH,0,2,40.5868,-81.6069
Dunkirk,IN,14,0,40.3741,-85.2076
Dunkirk,NY,34,18,42.4801,-79.3324
Dunlap,TN,4,6,35.3675,-85.3899
Dunmore,PA,163,16,41.4152,-75.6072
Dunn,NC,23,167,35.3114,-78.6129
Dunwoody,GA,0,2,33.9418,-84.3122
Dupo,IL,0,2,38.5146,-90.2168
Dupont,PA,1,14,41.3238,-75.7419
Duquesne,PA,9,15,40.3732,-79.8502
Durand,MI,0,2,42.9127,-83.989
Durand,WI,1,0,44.627,-91.9607
Durant,OK,1,0,33.9949,-96.3923
Durham,NC,86,702,35.9792,-78.9022
Duryea,PA,0,1,41.3533,-75.7757
Dyer,TN,1,0,36.071,-88.9921
Dyersburg,TN,9,15,36.0465,-89.3777
Dyersville,IA,1,0,42.4818,-91.1178
ELLISVILLE,MS,1,0,31.5969,-89.2091
ELLSWORTH,ME,0,1,44.5847,-68.4875
Eagan,MN,5,5,44.817,-93.1638
Eagle Lake,TX,1,0,29.5879,-96.3282
Eagle Pass,TX,0,1,28.7125,-100.484
Eagleville,MO,0,1,40.4685,-93.9862
Eagleville,PA,0,1,40.1599,-75.4089
Eagleville,TN,1,0,35.7391,-86.6528
Earlville,IL,1,0,41.588,-88.9229
Earlville,NY,0,1,42.7401,-75.5436
Easley,SC,9,47,34.8188,-82.5827
East Alton,IL,5,3,38.884,-90.1074
East Aurora,NY,0,1,42.7667,-78.6172
East Bend,NC,0,1,36.2178,-80.5085
East Berlin,PA,5,1,39.9368,-76.9793
East Bernstadt,KY,1,0,37.1923,-84.1209
East Butler,PA,5,1,40.8788,-79.8473
East Canton,OH,2,1,40.7889,-81.285
East Chicago,IN,2,2,41.6469,-87.4545
East Dublin,GA,0,2,32.5468,-82.8675
East Flat Rock,NC,9,5,35.2802,-82.4171
East Greenville,PA,3,1,40.4057,-75.5059
East Jordan,MI,2,0,45.1547,-85.13
East Lansing,MI,1,0,42.748,-84.4836
East Liberty,OH,0,2,40.3339,-83.585
East Liverpool,OH,5,1,40.6333,-80.5677
East Meadow,NY,1,0,40.7197,-73.5604
East Moline,IL,2,0,41.5199,-90.3879
East New Market,MD,0,3,38.597,-75.9232
East Orange,NJ,0,2,40.7651,-74.2117
East Palatka,FL,0,1,29.6502,-81.5997
East Palestine,OH,15,2,40.8392,-80.5467
East Peoria,IL,4,13,40.6736,-89.5419
East Pittsburgh,PA,2,0,40.3969,-79.8382
East Point,GA,11,7,33.6696,-84.4701
East Providence,RI,0,5,41.8065,-71.3565
East Rochester,NY,0,2,43.1122,-77.4869
East Rutherford,NJ,8,8,40.8179,-74.0854
East Sparta,OH,1,0,40.6635,-81.3643
East Spencer,NC,2,2,35.6816,-80.4228
East St. Louis,IL,1,1,38.6155,-90.1304
East Stroudsburg,PA,4,7,41.0023,-75.1779
East Syracuse,NY,20,20,43.0638,-76.0698
East Troy,WI,1,0,42.7846,-88.3973
East York,PA,3,2,39.9687,-76.6755
Eastlake,OH,0,1,41.6581,-81.4322
Eastman,GA,2,2,32.1973,-83.1714
Easton,MD,2,19,38.776,-76.0701
Easton,PA,43,95,40.6858,-75.2209
Eastover,SC,84,5,33.8779,-80.6949
Eastport,ME,1,0,44.9137,-67.0183
Eastport,NY,0,1,40.8402,-72.7285
Eaton,IN,29,0,40.3218,-85.3591
Eaton,OH,5,4,39.7506,-84.6342
Eatonton,GA,2,0,33.3258,-83.3886
Eatontown,NJ,7,6,40.2913,-74.0558
Eau Claire,WI,1,4,44.8197,-91.4948
Ebensburg,PA,1,15,40.4884,-78.7264
Echo,OR,1,0,45.7431,-119.1917
Eclectic,AL,1,1,32.6387,-86.0387
Ecorse,MI,0,4,42.2489,-83.1399
Ecru,MS,2,4,34.355,-89.0222
Eddystone,PA,4,6,39.8566,-75.3342
Eddyville,KY,3,0,37.0759,-88.077
Eden,NC,11,24,36.5027,-79.7412
Eden Prairie,MN,1,29,44.8488,-93.4595
Edenton,NC,44,26,36.0579,-76.6008
Edgefield,SC,3,10,33.787,-81.9291
Edgemere,MD,34,14,39.2273,-76.459
Edgemoor,DE,1,0,39.7547,-75.5069
Edgerton,KS,16,1,38.7717,-94.9706
Edgerton,MN,0,1,43.8753,-96.1305
Edgerton,OH,2,5,41.4493,-84.75
Edgerton,WI,0,1,42.8385,-89.0699
Edgewater,FL,0,2,28.9594,-80.9406
Edgewater,NJ,0,1,40.8237,-73.974
Edgewood,MD,5,1,39.419,-76.2964
Edinboro,PA,0,1,41.8762,-80.1247
Edinburg,VA,3,0,38.8235,-78.5634
Edinburgh,IN,23,2,39.3509,-85.9625
Edwardsburg,MI,9,3,41.7965,-86.0836
Edwardsville,IL,37,126,38.7922,-89.9874
Edwardsville,KS,2,1,39.0765,-94.8166
Effingham,IL,11,4,39.1205,-88.5509
Ehrhardt,SC,1,0,33.0985,-81.0138
Eighty Four,PA,16,16,40.1777,-80.1303
El Campo,TX,0,1,29.2,-96.2723
El Dorado,AR,0,3,33.2184,-92.664
El Mirage,AZ,0,1,33.5905,-112.3271
El Paso,TX,1,6,31.8476,-106.43
Elberfeld,IN,1,1,38.1617,-87.4482
Elberton,GA,1,2,34.1063,-82.8705
Eldersburg,MD,46,3,39.4041,-76.9528
Eldorado,IL,2,2,37.8114,-88.4415
Eleanor,WV,0,1,38.5371,-81.9254
Elgin,IL,2,3,42.0383,-88.324
Elgin,SC,16,57,34.6724,-80.7215
Elida,OH,1,0,40.7867,-84.1995
Elizabeth,NJ,159,77,40.6658,-74.1913
Elizabeth,PA,12,1,40.2715,-79.8872
Elizabeth City,NC,3,35,36.2942,-76.236
Elizabethton,TN,9,10,36.3367,-82.237
Elizabethtown,KY,28,44,37.7031,-85.8773
Elizabethtown,NC,11,20,34.6219,-78.6074
Elizabethtown,PA,20,21,40.1533,-76.599
Elizabethville,PA,1,2,40.5472,-76.816
Elk Grove Village,IL,7,4,42.0064,-87.9921
Elk Park,NC,0,1,36.1582,-81.9808
Elk Rapids,MI,3,1,44.8949,-85.4053
Elk River,MN,4,1,45.3314,-93.567
Elkhart,IN,61,62,41.6916,-85.9627
Elkin,NC,11,29,36.2621,-80.8443
Elkins,WV,4,12,38.9237,-79.8541
Elkland,PA,3,0,41.989,-77.314
Elkridge,MD,43,30,39.1941,-76.7428
Elkton,KY,2,14,36.8134,-87.161
Elkton,MD,29,40,39.6066,-75.8209
Elkton,MI,1,1,43.8183,-83.1809
Elkton,VA,52,5,38.4106,-78.6161
Ellaville,GA,0,1,32.238,-84.3089
Ellenboro,NC,1,4,35.3309,-81.7612
Ellenboro,WV,0,5,39.2678,-81.0551
Ellerbe,NC,1,1,35.0718,-79.7595
Ellettsville,IN,0,1,39.2322,-86.6232
Ellijay,GA,3,2,34.6914,-84.4839
Elliston,VA,1,1,37.2164,-80.2245
Elloree,SC,8,59,33.5301,-80.5712
Ellsinore,MO,2,0,36.9328,-90.7477
Ellwood City,PA,8,2,40.8619,-80.2829
Elm City,NC,4,4,35.8044,-77.8561
Elmer,NJ,0,3,39.5919,-75.174
Elmira,NY,6,17,42.0938,-76.8097
Elmira Heights,NY,9,0,42.1267,-76.8254
Elmore,OH,0,10,41.4708,-83.2911
Elmsford,NY,10,26,41.0541,-73.8143
Elmwood,LA,0,1,29.9554,-90.1879
Elmwood Park,NJ,44,13,40.9049,-74.1201
Elverson,PA,0,6,40.1559,-75.8304
Elwood,IL,12,1,41.4118,-88.1345
Elwood,IN,8,4,40.2738,-85.8374
Elwood,KS,1,0,39.7519,-94.889
Elyria,OH,49,52,41.376,-82.106
Elysburg,PA,3,10,40.868,-76.5492
Emerson,AR,1,0,33.0973,-93.196
Emerson,NJ,0,2,40.9748,-74.024
Emigsville,PA,5,1,40.0077,-76.7303
Eminence,KY,11,48,38.3637,-85.1779
Emmaus,PA,1,0,40.5352,-75.4978
Emmitsburg,MD,0,1,39.7051,-77.3217
Emory,TX,0,1,32.8766,-95.7677
Emporia,VA,11,4,36.6953,-77.5356
Emporium,PA,5,0,41.5102,-78.2362
Emsworth,PA,0,1,40.5112,-80.0966
Endeavor,WI,1,0,43.7146,-89.4684
Endicott,NY,6,7,42.098,-76.0639
Endwell,NY,0,1,42.1184,-76.0219
Enfield,NC,13,22,36.18,-77.669
Englewood,NJ,14,5,40.8917,-73.9736
Englewood,OH,2,0,39.8643,-84.307
Englishtown,NJ,2,2,40.2971,-74.3607
Ennis,TX,4,0,32.3254,-96.6347
Enon Valley,PA,0,2,40.8559,-80.4565
Enoree,SC,5,0,34.6593,-81.9609
Enterprise,AL,1,1,31.3275,-85.8463
Ephrata,PA,13,19,40.1811,-76.1812
Erie,PA,86,39,42.1167,-80.0733
Erlanger,KY,49,112,39.0109,-84.5864
Erwin,NC,2,1,35.3226,-78.6733
Erwin,TN,0,3,36.1456,-82.4115
Essex,MD,31,11,39.3021,-76.4449
Essex Junction,VT,6,10,44.4902,-73.1141
Estherville,IA,1,0,43.3997,-94.8342
Estill,SC,7,2,32.7538,-81.2412
Etna,OH,8,8,39.9544,-82.6878
Etna Green,IN,1,0,41.2756,-86.0459
Etowah,NC,1,0,35.3061,-82.5902
Etowah,TN,2,1,35.3381,-84.5282
Eubank,KY,1,1,37.2799,-84.6541
Euclid,OH,26,6,41.5903,-81.5188
Eufaula,AL,3,1,31.9102,-85.1505
Euless,TX,1,1,32.8508,-97.08
Eustis,FL,0,1,28.8563,-81.6771
Eutaw,AL,1,0,32.8436,-87.8986
Evans,GA,1,6,33.5619,-82.1351
Evans City,PA,4,2,40.7685,-80.0583
Evans Mills,NY,0,1,44.087,-75.8078
Evansville,IN,216,89,37.9881,-87.5341
Evart,MI,1,0,43.9003,-85.2751
Everett,MA,2,17,42.4064,-71.0545
Everett,PA,4,0,40.0132,-78.3666
Everetts,NC,1,9,35.8346,-77.1721
Evergreen,AL,2,0,31.4342,-86.9723
Evergreen,NC,0,1,34.4149,-78.9114
Everson,PA,5,0,40.0907,-79.5871
Ewing,KY,0,1,38.4278,-83.8619
Excelsior Springs,MO,3,0,39.339,-94.24
Exeter,MO,0,1,36.6707,-93.9399
Exeter,PA,4,5,41.3337,-75.8213
Exmore,VA,1,3,37.5295,-75.8283
Export,PA,2,2,40.417,-79.6232
Exton,PA,18,15,40.0307,-75.6303
Fair Bluff,NC,5,0,34.3126,-79.0333
Fair Lawn,NJ,15,5,40.9359,-74.1177
Fair Play,SC,1,1,34.5077,-82.9862
Fairbanks,IN,0,4,39.2195,-87.5222
Fairborn,OH,0,8,39.801,-84.0094
Fairburn,GA,58,41,33.5496,-84.5914
Fairfax,IA,0,1,41.9283,-91.7791
Fairfax,SC,11,2,32.9594,-81.2363
Fairfax,VA,6,38,38.8531,-77.2997
Fairfield,AL,2,3,33.4747,-86.9194
Fairfield,OH,38,147,39.3301,-84.5409
Fairfield,PA,0,2,39.7891,-77.3698
Fairland,IN,4,0,39.5849,-85.8627
Fairless Hills,PA,52,28,40.1783,-74.8524
Fairmont,MN,0,1,43.6441,-94.4621
Fairmont,NC,10,2,34.4947,-79.1136
Fairmont,WV,7,35,39.4768,-80.1491
Fairmont City,IL,2,0,38.6504,-90.1024
Fairmount,GA,13,1,34.4383,-84.6998
Fairport,NY,7,3,43.099,-77.4427
Fairview,NC,0,1,35.1545,-80.5345
Fairview,NJ,3,3,40.8182,-74.0022
Fairview,PA,5,31,41.0156,-79.7433
Fairview,TN,0,1,35.9815,-87.1291
Fairview,WV,1,0,39.5927,-80.2469
Fairview Heights,IL,0,1,38.5974,-90.0053
Faison,NC,3,8,35.1164,-78.136
Falconer,NY,4,5,42.1191,-79.1969
Fall River,MA,6,8,41.7136,-71.1015
Fall River,WI,1,0,43.3856,-89.0455
Falls Church,VA,0,4,38.8847,-77.1751
Fallston,MD,1,0,39.5332,-76.4452
Falmouth,VA,0,3,38.3319,-77.4655
Fancy Gap,VA,2,3,36.6771,-80.6997
Fargo,ND,0,1,46.8651,-96.8292
Faribault,MN,2,0,44.2996,-93.2789
Farmers Branch,TX,2,0,32.9272,-96.8804
Farmersburg,IN,2,1,39.2525,-87.3807
Farmingdale,NJ,7,14,40.1985,-74.1702
Farmingdale,NY,1,6,40.7328,-73.4468
Farmington,MO,1,1,37.7822,-90.4282
Farmington,WV,2,0,39.5119,-80.2515
Farmington Hills,MI,2,2,42.486,-83.3771
Farmville,NC,15,40,35.5951,-77.5907
Farmville,VA,2,5,37.2959,-78.4002
Farragut,TN,0,1,35.8731,-84.1821
Farrell,PA,1,0,41.2112,-80.4971
Fayette,OH,1,2,41.6727,-84.3284
Fayetteville,AR,2,3,36.0714,-94.1661
Fayetteville,GA,1,1,33.4501,-84.471
Fayetteville,NC,303,259,35.085,-78.9772
Fayetteville,PA,0,1,39.9114,-77.5652
Fayetteville,TN,9,4,35.149,-86.5634
Federalsburg,MD,13,27,38.6929,-75.7727
Felton,DE,1,3,39.0127,-75.5765
Fenton,MI,0,7,42.7994,-83.7144
Fenton,MO,4,1,38.5279,-90.4488
Ferdinand,IN,7,1,38.227,-86.8631
Ferguson,KY,11,1,37.0632,-84.5922
Fernandina Beach,FL,10,1,30.6571,-81.4511
Ferndale,MI,2,2,42.4592,-83.1313
Fieldale,VA,11,2,36.7009,-79.9424
Fieldsboro,NJ,1,3,40.1364,-74.7315
Filer City,MI,6,0,44.2149,-86.289
Fincastle,VA,2,0,37.5006,-79.8749
Findlay,OH,91,91,41.0469,-83.6379
Finleyville,PA,0,1,40.2528,-80.002
Fishers,IN,30,23,39.9588,-85.9659
Fishersville,VA,3,6,38.105,-78.9826
Fitchburg,MA,12,5,42.5912,-71.8156
Fithian,IL,1,0,40.1143,-87.875
Fitzgerald,GA,18,35,31.7134,-83.2514
Flanders,NJ,9,5,40.8412,-74.7102
Flat Rock,IN,1,0,39.3642,-85.8317
Flat Rock,MI,3,0,42.0991,-83.2716
Flat Rock,NC,8,6,35.2678,-82.4526
Fleetwood,PA,6,4,40.4565,-75.8209
Fleming Island,FL,0,1,30.0988,-81.7124
Flemingsburg,KY,6,0,38.4236,-83.7373
Flemington,NJ,6,15,40.5087,-74.8599
Fletcher,NC,38,122,35.4316,-82.5039
Flint,MI,6,8,43.0236,-83.6921
Flora,IL,2,0,38.6688,-88.4758
Florence,AL,6,6,34.8303,-87.6655
Florence,IN,2,0,38.7837,-84.9236
Florence,KY,40,135,38.9899,-84.6471
Florence,SC,671,336,34.178,-79.7898
Florence,TX,1,0,30.8408,-97.7921
Florida,NY,2,3,41.3312,-74.3533
Florida City,FL,0,4,25.4418,-80.4685
Flovilla,GA,0,1,33.2524,-83.903
Flowery Branch,GA,9,4,34.1712,-83.9142
Flowood,MS,1,4,32.3359,-90.0802
Floyd,VA,1,2,36.9118,-80.3184
Folcroft,PA,16,13,39.8891,-75.277
Foley,AL,1,1,30.3983,-87.665
Foley,MN,0,3,45.6636,-93.9096
Folkston,GA,1,7,30.8392,-82.0073
Follansbee,WV,17,1,40.3385,-80.5975
Fond Du Lac,WI,3,0,43.7718,-88.4397
Fonda,NY,0,2,42.9536,-74.372
Ford City,PA,0,1,40.7693,-79.5327
Fords,NJ,0,1,40.5359,-74.3126
Foreman,AR,1,0,33.7198,-94.3979
Forest,MS,0,3,32.3595,-89.4761
Forest,VA,3,10,37.3728,-79.2831
Forest City,NC,37,13,35.3339,-81.8702
Forest City,PA,0,1,41.6521,-75.4691
Forest Hill,LA,1,0,31.047,-92.5258
Forest Park,GA,9,26,33.6209,-84.359
Forestville,MD,1,5,38.8518,-76.8708
Forestville,NY,0,2,42.4691,-79.1755
Forked River,NJ,0,3,39.8257,-74.1819
Forney,TX,0,1,32.744,-96.4529
Forrest City,AR,0,4,35.0135,-90.7931
Forreston,IL,1,0,42.1273,-89.5784
Forsyth,GA,2,4,33.0352,-83.939
Fort Atkinson,WI,1,2,42.9253,-88.8442
Fort Dodge,IA,4,3,42.5098,-94.1751
Fort Drum,NY,2,2,44.045,-75.7845
Fort Gibson,OK,2,0,35.7763,-95.2602
Fort Knox,KY,0,1,37.8915,-85.9636
Fort Lauderdale,FL,4,56,26.1412,-80.1464
Fort Lawn,SC,199,139,34.7003,-80.8991
Fort Lee,NJ,0,1,40.8509,-73.9713
Fort Loramie,OH,1,3,40.3442,-84.3694
Fort Loudon,PA,2,1,39.9219,-77.9073
Fort Lupton,CO,0,1,40.0827,-104.8068
Fort Madison,IA,3,0,40.6207,-91.3509
Fort Meade,MD,0,1,39.1061,-76.7437
Fort Mill,SC,133,230,35.0061,-80.9389
Fort Myers,FL,11,7,26.6194,-81.8302
Fort Oglethorpe,GA,0,2,34.9318,-85.246
Fort Payne,AL,7,6,34.4559,-85.6965
Fort Pierce,FL,2,7,27.4255,-80.3431
Fort Plain,NY,0,1,42.9316,-74.6278
Fort Recovery,OH,0,5,40.4121,-84.7762
Fort Smith,AR,4,4,35.3495,-94.3695
Fort Valley,GA,5,3,32.552,-83.8817
Fort Walton Beach,FL,0,35,30.4255,-86.6222
Fort Washington,MD,0,1,38.7339,-77.0069
Fort Washington,PA,0,4,40.1408,-75.1926
Fort Wayne,IN,119,220,41.0888,-85.1436
Fort Worth,TX,13,35,32.7817,-97.3474
Forty Fort,PA,1,0,41.2846,-75.869
Fostoria,OH,14,9,41.16,-83.4121
Fountain City,IN,0,1,39.9549,-84.9192
Fountain Hill,PA,1,0,40.6029,-75.3961
Fountain Inn,SC,127,175,34.6989,-82.2005
Fountain Run,KY,1,0,36.7238,-85.9561
Four Oaks,NC,22,6,35.4449,-78.4159
Fowler,IN,1,0,40.617,-87.3185
Fowlerville,MI,3,4,42.6596,-84.0743
Frackville,PA,4,11,40.7833,-76.2329
Framingham,MA,3,6,42.3085,-71.4368
Francesville,IN,2,0,40.9853,-86.8834
Frankford,DE,2,3,38.5215,-75.2342
Frankfort,IN,18,10,40.281,-86.5212
Frankfort,KY,99,38,38.1924,-84.8643
Franklin,GA,1,2,33.2797,-85.0985
Franklin,IN,45,102,39.4948,-86.0544
Franklin,KY,25,29,36.7177,-86.5595
Franklin,NC,3,7,35.1798,-83.3809
Franklin,NH,2,3,43.4499,-71.6691
Franklin,OH,23,8,39.5538,-84.2952
Franklin,PA,2,8,41.3936,-79.8425
Franklin,TN,3,7,35.92,-86.8516
Franklin,VA,52,67,36.6831,-76.9386
Franklin,WV,1,0,38.6452,-79.3332
Franklin Furnace,OH,4,5,38.6114,-82.8439
Franklin Park,IL,4,2,41.9361,-87.8794
Franklinton,LA,2,1,30.848,-90.1459
Franklinton,NC,4,2,36.1012,-78.4551
Franklinville,NC,0,1,35.7421,-79.6893
Fraser,MI,4,0,42.5388,-82.9496
Frazer,PA,0,1,40.0374,-75.556
Frazeysburg,OH,1,3,40.1191,-82.1177
Frederick,CO,0,1,40.1088,-104.9701
Frederick,MD,27,95,39.4337,-77.4141
Fredericksburg,IA,1,0,42.9648,-92.1965
Fredericksburg,IN,1,0,38.4353,-86.197
Fredericksburg,OH,1,5,40.677,-81.8697
Fredericksburg,PA,11,42,40.4441,-76.4377
Fredericksburg,VA,32,128,38.2992,-77.4872
Fredonia,NY,45,12,42.4407,-79.3319
Fredonia,PA,1,0,41.3219,-80.2581
Freedom,PA,3,7,40.6848,-80.2532
Freeland,MI,1,1,43.5198,-84.1124
Freeland,PA,0,3,41.0212,-75.8963
Freeport,FL,0,1,30.5039,-86.1391
Freeport,IL,2,1,42.2891,-89.6346
Freeport,NY,2,1,40.6515,-73.585
Freeport,TX,1,2,28.9453,-95.3601
Fremont,IN,7,2,41.728,-84.9396
Fremont,MI,1,1,43.4633,-85.9537
Fremont,OH,103,30,41.3535,-83.1147
French Lick,IN,5,0,38.5462,-86.6202
Frenchtown,NJ,0,2,40.5272,-75.0571
Fresno,TX,0,1,29.5357,-95.4696
Fridley,MN,0,1,45.0841,-93.2595
Friedens,PA,1,0,40.0449,-79.0028
Friendly,WV,6,9,39.5137,-81.0618
Friendsville,TN,0,1,35.7563,-84.1319
Fries,VA,1,0,36.714,-80.9752
Friesland,WI,1,0,43.5886,-89.067
Frisco,NC,0,1,35.2437,-75.6018
Frisco,TX,0,1,33.156,-96.8216
Frisco City,AL,2,0,31.4353,-87.4037
Frohna,MO,1,0,37.6375,-89.6197
Front Royal,VA,3,57,38.926,-78.1838
Frontenac,KS,1,0,37.4581,-94.7012
Frostburg,MD,2,4,39.6506,-78.9269
Frostproof,FL,1,0,27.7494,-81.5252
Fruitland,MD,2,6,38.3214,-75.6246
Fulton,KY,4,0,36.5145,-88.882
Fulton,MD,0,1,39.1516,-76.9163
Fulton,MO,3,2,38.8551,-91.951
Fulton,MS,0,1,34.2616,-88.4021
Fulton,NY,7,35,43.3171,-76.4167
Fultonville,NY,100,3,42.9463,-74.3704
Fuquay-Varina,NC,7,7,35.5953,-78.7778
Fyffe,AL,1,0,34.449,-85.9052
Gadsden,AL,4,214,34.0086,-86.0157
Gaffney,SC,74,47,35.0743,-81.6552
Gahanna,OH,3,3,40.0251,-82.8637
Gainesboro,TN,1,1,36.3617,-85.6496
Gainesville,FL,1,1,29.6804,-82.3459
Gainesville,GA,58,29,34.2902,-83.8294
Gainesville,MO,1,0,36.6063,-92.4245
Gainesville,TX,2,1,33.639,-97.1487
Gainesville,VA,0,2,38.7931,-77.6347
Gaithersburg,MD,0,28,39.1346,-77.2131
Galax,VA,25,10,36.666,-80.9176
Galesburg,IL,0,1,40.9506,-90.3763
Galesburg,MI,0,2,42.2911,-85.4182
Galion,OH,9,0,40.7385,-82.7792
Gallatin,TN,50,44,36.3782,-86.4698
Gallaway,TN,0,1,35.3272,-89.608
Gallipolis,OH,4,4,38.8186,-82.1934
Galva,IL,0,1,41.1689,-90.0375
Gamaliel,KY,2,0,36.6402,-85.7963
Gambrills,MD,1,3,39.0927,-76.6511
Gap,PA,0,2,39.9888,-76.0212
Garden City,GA,24,21,32.0867,-81.1773
Garden City,KS,1,0,37.9753,-100.8527
Garden City,MI,0,7,42.3244,-83.3412
Garden City,NY,1,2,40.7266,-73.6447
Gardiner,ME,0,2,44.191,-69.7921
Gardner,KS,0,1,38.8122,-94.9275
Gardner,MA,11,11,42.5845,-71.9868
Gardners,PA,2,0,40.0063,-77.2084
Garfield,NJ,13,14,40.8791,-74.1085
Garfield Heights,OH,5,1,41.4199,-81.6038
Garland,TX,1,0,32.91,-96.6304
Garner,NC,50,113,35.6936,-78.6181
Garrett,IN,2,1,41.3527,-85.1237
Garrettsville,OH,3,1,41.2844,-81.0932
Garrison,MD,0,1,39.4023,-76.7514
Gary,IN,5,6,41.5905,-87.3473
Garysburg,NC,63,31,36.4479,-77.5603
Gas City,IN,2,9,40.4887,-85.5944
Gasport,NY,0,2,43.1938,-78.5762
Gaston,NC,0,1,36.4965,-77.6449
Gaston,SC,134,20,33.818,-81.0997
Gastonia,NC,81,203,35.2494,-81.1854
Gatesville,NC,3,0,36.4072,-76.7566
Gatlinburg,TN,0,1,35.725,-83.4938
Gaylord,MI,0,1,45.0208,-84.6809
Geneva,IL,0,3,41.8833,-88.3242
Geneva,IN,14,0,40.5975,-84.9568
Geneva,NY,20,9,42.8645,-76.9826
Geneva,OH,1,1,41.8007,-80.9461
Genoa,IL,1,0,42.0926,-88.6964
Georgetown,DE,3,8,38.6894,-75.3872
Georgetown,KY,6,11,38.2247,-84.5487
Georgetown,SC,48,27,33.3594,-79.2958
Georgetown,TX,0,1,30.666,-97.6966
Gerald,MO,5,0,38.3992,-91.3305
Germantown,MD,0,6,39.1755,-77.2643
Germantown,TN,0,1,35.0829,-89.7824
Germantown,WI,0,3,43.2343,-88.1217
Gettysburg,PA,6,8,39.8304,-77.2339
Ghent,KY,48,10,38.734,-85.0614
Ghent,WV,1,1,37.6221,-81.1057
Gibbstown,NJ,2,2,39.8233,-75.2782
Gibraltar,MI,4,0,42.096,-83.2029
Gibson City,IL,1,2,40.4665,-88.3788
Gibsonia,PA,0,3,40.6322,-79.9684
Gibsonville,NC,1,0,36.0993,-79.5415
Giddings,TX,0,1,30.1833,-96.9279
Gilbert,SC,2,3,33.9245,-81.3928
Gilbert,WV,0,1,37.6142,-81.8689
Gillett,WI,1,0,44.8897,-88.3063
Gillsville,GA,1,0,34.3085,-83.6352
Girard,OH,2,0,41.1665,-80.6963
Girard,PA,2,1,42.0042,-80.3192
Girdletree,MD,0,1,38.0989,-75.4003
Glade Spring,VA,0,1,36.7899,-81.7726
Gladwin,MI,2,3,43.9837,-84.4876
Glasgow,KY,112,3,37.0048,-85.9263
Glasgow,VA,4,3,37.6348,-79.4514
Glassboro,NJ,4,7,39.7014,-75.1113
Glassport,PA,0,1,40.3261,-79.8861
Gleason,TN,6,0,36.2174,-88.6107
Glen Allen,VA,1,78,37.666,-77.4838
Glen Burnie,MD,4,32,39.156,-76.6071
Glen Dale,WV,13,4,39.9466,-80.7565
Glen Lyn,VA,0,3,37.3727,-80.858
Glen Rock,NJ,0,1,40.9601,-74.125
Glen Rock,PA,2,24,39.7935,-76.7307
Glenarden,MD,0,1,38.9294,-76.8577
Glencoe,MN,0,1,44.7699,-94.151
Glendale Heights,IL,0,2,41.9196,-88.0785
Glenford,OH,0,1,39.8863,-82.3201
Glenmoore,PA,1,2,40.0868,-75.782
Glenn Dale,MD,0,5,38.9833,-76.804
Glennville,GA,3,3,31.9379,-81.9305
Glenolden,PA,0,1,39.8996,-75.2919
Glens Falls,NY,37,39,43.3109,-73.6458
Glenshaw,PA,0,2,40.5391,-79.9735
Glenvar,VA,0,2,37.276,-80.1257
Glenview,IL,1,0,42.0825,-87.8214
Glenville,WV,1,3,38.9379,-80.834
Glenwillow,OH,1,2,41.3608,-81.4727
Gloster,MS,1,0,31.1951,-91.0176
Gloucester,MA,1,2,42.626,-70.6897
Gloucester City,NJ,6,3,39.8924,-75.1172
Gloucester Point,VA,0,11,37.2767,-76.5043
Gloversville,NY,12,25,43.0491,-74.3465
Gnadenhutten,OH,3,1,40.3598,-81.4289
Godfrey,IL,1,0,38.9577,-90.2156
Godwin,NC,1,1,35.2134,-78.677
Gold Hill,NC,5,3,35.5254,-80.3452
Golden Valley,MN,0,1,44.9901,-93.3591
Goldsboro,MD,0,1,39.0316,-75.7821
Goldsboro,NC,87,177,35.3778,-77.9717
Goldston,NC,0,1,35.5929,-79.3286
Gonzales,LA,0,1,30.2132,-90.9234
Goodlettsville,TN,1,18,36.333,-86.7026
Goose Creek,SC,158,158,32.9927,-80.0055
Gordon,GA,3,1,32.8866,-83.3349
Gordon,PA,0,2,40.7502,-76.3398
Gordonsville,TN,5,1,36.1817,-85.9324
Gordonsville,VA,7,46,38.136,-78.1879
Goshen,IN,11,16,41.5743,-85.8309
Gouldsboro,PA,5,1,41.2429,-75.4449
Grabill,IN,1,9,41.2094,-84.9681
Grafton,OH,1,2,41.2809,-82.038
Grafton,WV,14,8,39.3409,-80.0162
Graham,NC,46,20,36.0589,-79.3894
Granby,MO,1,0,36.918,-94.2607
Grand Blanc,MI,1,2,42.9258,-83.6181
Grand Haven,MI,5,1,43.0553,-86.2201
Grand Junction,TN,1,0,35.05,-89.1889
Grand Ledge,MI,0,3,42.7534,-84.7448
Grand Prairie,TX,6,7,32.6871,-97.0208
Grand Rapids,MI,55,56,42.9619,-85.6562
Grand Rapids,OH,3,0,41.4078,-83.868
Grand River,OH,1,0,41.7418,-81.2846
Grand Saline,TX,1,0,32.6776,-95.7114
Grandview,MO,1,0,38.8802,-94.5227
Grandville,MI,6,3,42.9004,-85.7564
Granger,IN,1,1,41.7374,-86.1348
Granite City,IL,7,7,38.7296,-90.1268
Granite Falls,NC,16,11,35.797,-81.4237
Granite Quarry,NC,0,2,35.6131,-80.4489
Graniteville,SC,6,42,33.5646,-81.8078
Grantsville,MD,2,1,39.6969,-79.1528
Grapeland,TX,0,1,31.4948,-95.4765
Grapevine,TX,1,0,32.9343,-97.0742
Grass Lake,MI,0,11,42.2511,-84.2073
Gravette,AR,1,0,36.4291,-94.3712
Gray,TN,0,1,36.4219,-82.4767
Gray Court,SC,47,23,34.6079,-82.1143
Grayling,MI,2,6,44.6566,-84.7091
Grayson,KY,1,1,38.3317,-82.9371
Great Bend,KS,0,2,38.3593,-98.8015
Great Falls,SC,7,10,34.5753,-80.9048
Great Meadows,NJ,0,1,40.877,-74.9034
Greeleyville,SC,0,3,33.5801,-79.9901
Green,OH,0,4,40.9483,-81.4757
Green Bay,WI,13,12,44.5148,-87.9895
Green Cove Springs,FL,1,2,29.9904,-81.6807
Green Island,NY,2,6,42.7474,-73.6926
Green Sea,SC,0,1,34.1288,-78.9721
Green Springs,OH,1,0,41.2569,-83.053
Greenback,TN,1,0,35.6487,-84.1725
Greenbelt,MD,0,1,38.9953,-76.8885
Greenbrier,TN,1,0,36.4243,-86.7975
Greencastle,IN,2,2,39.6432,-86.8418
Greencastle,PA,46,98,39.7907,-77.7267
Greendale,IN,6,1,39.1316,-84.851
Greeneville,TN,105,21,36.168,-82.8197
Greenfield,IN,56,46,39.7937,-85.7738
Greenfield,MO,0,1,37.4162,-93.8432
Greensboro,GA,8,29,33.5687,-83.1872
Greensboro,NC,243,754,36.0956,-79.8271
Greensburg,IN,8,4,39.3518,-85.5028
Greensburg,PA,7,41,40.3113,-79.5445
Greenup,IL,1,0,39.2484,-88.1598
Greenup,KY,1,0,38.5578,-82.8191
Greenville,IL,1,1,38.8867,-89.3894
Greenville,MI,1,4,43.1797,-85.2534
Greenville,MS,3,4,33.385,-91.0514
Greenville,NC,75,143,35.5943,-77.376
Greenville,NY,0,2,40.9986,-73.8189
Greenville,OH,7,11,40.1043,-84.6209
Greenville,PA,10,4,41.4051,-80.3836
Greenville,SC,252,319,34.8354,-82.3646
Greenville,TX,1,2,33.1116,-96.1099
Greenwich,OH,0,4,41.0318,-82.5198
Greenwood,AR,0,1,35.2134,-94.2408
Greenwood,DE,0,3,38.8072,-75.59
Greenwood,IN,21,34,39.6019,-86.1073
Greenwood,MS,3,1,33.5126,-90.1993
Greenwood,SC,38,65,34.1947,-82.1542
Greer,SC,749,306,34.933,-82.2313
Grenada,MS,0,2,33.7816,-89.813
Grenloch,NJ,0,3,39.7825,-75.0562
Gretna,LA,0,1,29.9101,-90.0515
Gretna,VA,2,0,36.9492,-79.3647
Griffin,GA,18,16,33.2418,-84.2748
Griffith,IN,6,0,41.5277,-87.4239
Grifton,NC,13,0,35.3795,-77.4281
Grimes,IA,1,2,41.6779,-93.7947
Grimesland,NC,0,1,35.5685,-77.2025
Grinnell,IA,0,1,41.7359,-92.7244
Grove City,OH,32,35,39.8654,-83.069
Grove City,PA,1,3,41.1572,-80.0894
Groveland,FL,6,4,28.6098,-81.8246
Groveport,OH,129,259,39.8586,-82.8978
Grover,NC,20,50,35.1735,-81.452
Grover Hill,OH,0,1,41.019,-84.4774
Grovetown,GA,21,10,33.4503,-82.2073
Guin,AL,1,0,33.9832,-87.9023
Gulfport,MS,3,3,30.4274,-89.0704
Guntersville,AL,1,2,34.3671,-86.2637
Guntown,MS,0,2,34.4447,-88.6641
Gurnee,IL,1,2,42.3708,-87.9392
Guthrie,KY,3,9,36.6503,-87.1735
Guyton,GA,0,4,32.341,-81.4224
Gwinn,MI,1,0,46.2858,-87.4425
Hackensack,NJ,7,3,40.8891,-74.0462
Hackettstown,NJ,1,7,40.854,-74.8257
Hagerstown,IN,52,8,39.9115,-85.1555
Hagerstown,MD,56,267,39.6401,-77.7217
Hahnville,LA,1,0,29.9641,-90.4141
Haines City,FL,2,2,28.1102,-81.6157
Haledon,NJ,1,1,40.9363,-74.1887
Haleyville,AL,2,0,34.2331,-87.6175
Halifax,NC,17,6,36.3255,-77.5901
Halifax,VA,20,1,36.7612,-78.9279
Hall,NY,0,1,42.7965,-77.068
Hallam,PA,2,1,40.0024,-76.6041
Hallandale Beach,FL,1,1,25.9854,-80.1423
Halls,TN,1,1,36.0817,-83.9344
Hallsville,TX,0,1,32.5021,-94.57
Halsey,OR,1,1,44.3827,-123.111
Halstead,KS,1,0,37.9999,-97.5102
Hamburg,PA,94,4,40.5561,-75.9825
Hamden,OH,1,0,39.1592,-82.5243
Hamer,SC,0,12,34.4741,-79.3258
Hamilton,AL,0,1,34.1346,-87.9755
Hamilton,IN,3,0,41.5409,-84.9204
Hamilton,MS,5,0,33.746,-88.4095
Hamilton,NC,4,3,35.9443,-77.2067
Hamilton,OH,32,19,39.3939,-84.5653
Hamlet,NC,74,28,34.8892,-79.7099
Hamlin,TX,0,1,32.8898,-100.1329
Hammond,IN,10,12,41.6168,-87.4909
Hammond,LA,0,1,30.5061,-90.4563
Hammonton,NJ,32,26,39.6572,-74.7678
Hampshire,IL,1,2,42.1124,-88.5118
Hampstead,MD,5,8,39.6105,-76.8549
Hampstead,NC,0,1,34.3627,-77.7318
Hampton,GA,4,1,33.3774,-84.2969
Hampton,IA,0,1,42.742,-93.205
Hampton,SC,1,1,32.8676,-81.1093
Hampton,VA,38,31,37.0551,-76.363
Hamtramck,MI,1,2,42.3954,-83.0559
Hanahan,SC,84,110,32.9302,-80.0027
Hanceville,AL,2,0,34.0632,-86.7645
Hancock,MD,0,1,39.7054,-78.1749
Handley,WV,1,0,38.1863,-81.3673
Hannibal,MO,1,0,39.7098,-91.3939
Hanover,PA,300,130,39.8118,-76.9836
Hanover Park,IL,1,2,41.9818,-88.1446
Hanson,KY,1,0,37.4184,-87.4809
Hapeville,GA,2,3,33.6609,-84.4093
Harahan,LA,0,2,29.9374,-90.2031
Harbor Springs,MI,1,1,45.4326,-84.989
Hardeeville,SC,12,18,32.2949,-81.0321
Hardin,KY,0,1,36.7651,-88.3023
Hardinsburg,IN,0,1,38.462,-86.2733
Hardinsburg,KY,0,1,37.7755,-86.4537
Harleysville,PA,1,1,40.2792,-75.3873
Harleyville,SC,7,5,33.213,-80.4478
Harman,WV,1,0,38.9211,-79.5245
Harmony,NC,8,6,35.959,-80.7735
Harmony,PA,1,8,40.8015,-80.125
Harpersville,AL,1,1,33.3184,-86.4286
Harrellsville,NC,5,0,36.3017,-76.7918
Harriman,NY,1,12,41.3088,-74.1445
Harriman,TN,1,4,35.9307,-84.5602
Harrington,DE,0,16,38.9243,-75.5707
Harrisburg,IL,0,1,37.7374,-88.5457
Harrisburg,NC,12,30,35.3125,-80.6485
Harrisburg,PA,40,94,40.2752,-76.8843
Harrison,AR,1,1,36.2438,-93.1198
Harrison,NJ,9,3,40.7431,-74.1531
Harrison,NY,0,1,41.0236,-73.7193
Harrison,OH,3,3,39.2584,-84.7868
Harrison,TN,0,1,35.1271,-85.1453
Harrison City,PA,1,0,40.3547,-79.6502
Harrisonburg,VA,22,30,38.4362,-78.8735
Harrisonville,MO,1,5,38.653,-94.3467
Harrisville,WV,0,5,39.2104,-81.0485
Harrodsburg,KY,0,31,37.7654,-84.8474
Hart,MI,1,0,43.6955,-86.3679
Hartford,AL,3,2,31.1055,-85.6916
Hartford,CT,6,13,41.7661,-72.6834
Hartford,KY,1,0,37.4507,-86.893
Hartford,MI,12,0,42.2047,-86.1661
Hartford,WI,2,0,43.3223,-88.3784
Hartford City,IN,33,18,40.4537,-85.3736
Hartland,WI,0,1,43.1029,-88.3396
Hartly,DE,0,4,39.1683,-75.7124
Hartselle,AL,12,18,34.4391,-86.9396
Hartsville,SC,151,37,34.3675,-80.0829
Hartsville,TN,0,3,36.3921,-86.1568
Hartville,OH,1,1,40.9618,-81.3348
Hartwell,GA,7,4,34.3496,-82.9289
Harvey,IL,4,4,41.6076,-87.652
Hasbrouck Heights,NJ,1,0,40.8618,-74.0741
Haslet,TX,3,0,32.9609,-97.3387
Hastings,MI,1,0,42.6498,-85.2886
Hastings,MN,1,0,44.7318,-92.8538
Hastings,PA,0,1,40.6648,-78.7093
Hatboro,PA,1,2,40.1775,-75.1055
Hattiesburg,MS,3,11,31.3074,-89.317
Hauppauge,NY,2,1,40.8211,-73.2109
Havana,FL,1,0,30.6298,-84.4135
Havelock,NC,1,1,34.9078,-76.8987
Haverhill,MA,2,5,42.7838,-71.0871
Haviland,OH,3,0,41.0178,-84.5853
Havre De Grace,MD,18,15,39.548,-76.1146
Haw River,NC,6,9,36.0926,-79.3615
Hawesville,KY,46,25,37.8962,-86.7561
Hawkinsville,GA,2,3,32.2965,-83.4815
Hawthorne,NJ,5,70,40.9579,-74.1582
Hawthorne,NY,0,1,41.1035,-73.7968
Hayesville,NC,1,2,35.0452,-83.8178
Hayesville,OH,1,0,40.7752,-82.2596
Hayti,MO,2,0,36.2323,-89.7475
Hazard,KY,0,5,37.2584,-83.1977
Hazel Crest,IL,1,0,41.5732,-87.6899
Hazel Park,MI,1,7,42.4619,-83.0977
Hazelwood,MO,9,11,38.7931,-90.3899
Hazlehurst,GA,8,0,31.8651,-82.5994
Hazlehurst,MS,1,0,31.8646,-90.3929
Hazleton,PA,166,185,40.9505,-75.9725
Heath,OH,15,5,40.0241,-82.4413
Heath Springs,SC,3,0,34.5933,-80.675
Hebron,KY,216,57,39.0626,-84.709
Hebron,MD,2,5,38.4242,-75.6871
Hebron,OH,33,17,39.9644,-82.4898
Heflin,AL,1,0,33.647,-85.5698
Helen,GA,0,1,34.7046,-83.7214
Helena-West Helena,AR,0,2,34.5313,-90.6201
Helenwood,TN,0,1,36.4227,-84.5429
Hellertown,PA,0,1,40.5812,-75.3378
Hemingway,SC,4,2,33.7534,-79.4462
Hemlock,MI,5,0,43.4186,-84.2311
Hemlock,NY,1,0,42.7938,-77.6073
Henagar,AL,1,0,34.6306,-85.7413
Henderson,KY,140,40,37.8397,-87.5798
Henderson,NC,143,73,36.3256,-78.4151
Henderson,TN,0,4,35.4446,-88.6531
Hendersonville,NC,47,87,35.3247,-82.4575
Hendersonville,TN,1,5,36.3063,-86.5997
Henning,IL,2,0,40.3069,-87.701
Henry,TN,0,3,36.2011,-88.4114
Hephzibah,GA,2,0,33.2906,-82.0994
Heritage Creek,KY,1,0,38.0951,-85.6125
Hermansville,MI,0,1,45.7093,-87.6079
Hermitage,PA,23,16,41.2305,-80.4413
Hernando,MS,1,4,34.85,-89.9921
Herndon,PA,15,2,40.7104,-76.8519
Herndon,VA,0,3,38.9699,-77.3867
Herrin,IL,2,2,37.7983,-89.0305
Hersey,MI,6,0,43.8513,-85.4419
Hershey,PA,3,9,40.2806,-76.6458
Hertford,NC,1,1,36.1813,-76.4673
Hialeah,FL,7,4,25.8696,-80.3045
Hialeah Gardens,FL,1,1,25.8878,-80.3569
Hickory,KY,6,0,36.8174,-88.6485
Hickory,NC,312,253,35.741,-81.3223
Hickory Grove,SC,0,1,34.9785,-81.418
Hicksville,NY,4,4,40.7637,-73.5245
Hicksville,OH,4,0,41.2944,-84.7648
Hiddenite,NC,15,2,35.9053,-81.086
Higginsville,MO,0,1,39.0652,-93.727
High Hill,MO,3,0,38.8754,-91.3776
High Point,NC,166,261,35.991,-79.9937
Highland,IL,2,3,38.7602,-89.6812
Highland,NY,0,4,41.7208,-73.9625
Highland Heights,KY,0,1,39.0354,-84.4567
Highland Heights,OH,1,2,41.5518,-81.4691
Highland Park,MI,0,4,42.4052,-83.0977
Highspire,PA,2,0,40.2085,-76.7851
Hightstown,NJ,4,2,40.2686,-74.5253
Hildebran,NC,12,5,35.7182,-81.421
Hillburn,NY,5,2,41.1263,-74.1706
Hillcrest Heights,MD,1,1,38.8373,-76.9641
Hilliard,OH,6,5,40.0353,-83.1578
Hillsboro,IL,0,1,39.1752,-89.4723
Hillsboro,IN,0,1,40.1089,-87.1577
Hillsboro,TN,3,1,35.4085,-85.9639
Hillsboro,TX,1,0,32.0093,-97.115
Hillsborough,NC,0,4,36.0679,-79.0991
Hillsborough,NJ,7,6,40.5069,-74.6523
Hillsdale,IN,2,1,39.7859,-87.3903
Hillsdale,MI,8,0,41.9267,-84.6356
Hillsville,VA,6,7,36.7613,-80.7371
Hilton Head Island,SC,0,4,32.1896,-80.7499
Hinesville,GA,0,3,31.8248,-81.6137
Hinton,WV,1,0,37.6652,-80.8828
Hiram,GA,1,1,33.8777,-84.771
Hiram,OH,2,0,41.3115,-81.1429
Hobart,IN,2,1,41.514,-87.2729
Hobart,NY,0,1,42.3715,-74.6691
Hobart,WI,2,6,44.4967,-88.1602
Hobbs,NM,1,1,32.7281,-103.16
Hoboken,NJ,1,1,40.7452,-74.0281
Hockessin,DE,0,2,39.7837,-75.6815
Hodge,LA,1,0,32.272,-92.7304
Hodgenville,KY,2,5,37.5668,-85.7354
Hodges,SC,4,11,34.2876,-82.248
Hoffman,NC,4,1,35.0313,-79.5491
Hoffman Estates,IL,0,2,42.064,-88.1468
Hogansville,GA,0,1,33.1674,-84.9027
Hohenwald,TN,1,1,35.5515,-87.5539
Holbrook,NY,0,1,40.7944,-73.07
Holdingford,MN,0,1,45.7304,-94.4714
Holiday City,OH,2,13,41.6183,-84.5384
Holladay,TN,0,1,35.872,-88.1449
Holland,MI,24,11,42.7677,-86.0984
Holland,OH,5,16,41.6192,-83.7081
Holley,NY,0,1,43.2247,-78.0292
Hollidaysburg,PA,1,4,40.4311,-78.393
Hollins,VA,6,3,37.3434,-79.9534
Hollister,MO,0,1,36.6057,-93.2339
Holly,MI,1,4,42.7987,-83.622
Holly Hill,FL,1,2,29.2442,-81.0465
Holly Hill,SC,8,3,33.3245,-80.413
Holly Pond,AL,1,0,34.1696,-86.6125
Holly Ridge,NC,0,2,34.4953,-77.527
Holly Springs,MS,1,1,34.7768,-89.4466
Holly Springs,NC,1,5,35.6526,-78.8399
Hollyvilla,KY,0,1,38.0929,-85.7469
Hollywood,AL,2,2,34.7195,-85.9641
Hollywood,FL,1,3,26.0293,-80.1679
Hollywood,SC,1,1,32.752,-80.2118
Holmesville,OH,12,8,40.629,-81.9233
Holstein,IA,0,1,42.487,-95.5428
Holt,MI,1,0,42.6416,-84.5308
Holtsville,NY,3,0,40.8124,-73.0447
Holyoke,MA,15,6,42.2125,-72.6411
Homer,MI,0,3,42.1461,-84.8103
Homer City,PA,2,3,40.5403,-79.1597
Homer Glen,IL,0,1,41.6043,-87.9497
Homerville,GA,6,3,31.0385,-82.742
Homestead,FL,1,2,25.4665,-80.4472
Homewood,IL,1,0,41.5591,-87.661
Honea Path,SC,13,5,34.4476,-82.395
Honeoye,NY,8,2,42.7885,-77.5125
Honeoye Falls,NY,1,0,42.9557,-77.5902
Honesdale,PA,6,1,41.5774,-75.2524
Hookerton,NC,1,0,35.4228,-77.5893
Hoopeston,IL,6,0,40.4608,-87.6635
Hoosick Falls,NY,1,2,42.9009,-73.35
Hope,AR,1,1,33.6682,-93.5895
Hope,IN,5,3,39.2992,-85.766
Hope Mills,NC,1,124,34.971,-78.9597
Hopewell,PA,0,1,40.1345,-78.2666
Hopewell,VA,8,12,37.2915,-77.2985
Hopewell Junction,NY,1,6,41.5805,-73.8103
Hopkins,SC,1,12,33.8983,-80.8599
Hopkinsville,KY,47,38,36.8381,-87.4775
Horicon,WI,4,0,43.4454,-88.6403
Horn Lake,MS,6,3,34.9512,-90.0501
Hornell,NY,0,4,42.3333,-77.6633
Horse Cave,KY,18,2,37.1738,-85.9146
Hortense,GA,0,1,31.3327,-81.9517
Hortonville,WI,0,1,44.3368,-88.6361
Hoschton,GA,2,1,34.0853,-83.7594
Hosford,FL,2,7,30.3944,-84.8034
Hot Springs,AR,1,1,34.4892,-93.0501
Hot Springs Village,AR,2,1,34.6566,-92.9643
Houston,DE,3,2,38.9174,-75.5039
Houston,MS,1,0,33.8963,-89.0031
Houston,PA,0,123,40.2494,-80.211
Houston,TX,30,21,29.786,-95.3885
Howe,IN,6,3,41.7228,-85.4255
Howell,MI,4,6,42.6078,-83.9339
Hubbard,OH,11,7,41.1595,-80.5672
Hubbell,MI,1,1,47.177,-88.436
Huber Heights,OH,2,53,39.8595,-84.113
Hudson,MI,1,2,41.8569,-84.3451
Hudson,NC,24,19,35.8478,-81.4867
Hudson,NY,0,7,42.2515,-73.7859
Hudson,OH,8,67,41.2399,-81.4408
Hudson Falls,NY,0,2,43.3042,-73.5819
Hudsonville,MI,2,2,42.8632,-85.8627
Hueytown,AL,2,2,33.4239,-87.022
Hughesville,MD,1,0,38.5376,-76.7748
Hughesville,PA,0,1,41.239,-76.7254
Humble,TX,0,1,29.9921,-95.2655
Humboldt,KS,0,1,37.8125,-95.4363
Humboldt,TN,6,7,35.8271,-88.9058
Hummelstown,PA,1,1,40.2657,-76.7126
Hunker,PA,0,29,40.2041,-79.6154
Huntersville,NC,147,52,35.406,-80.8716
Huntingburg,IN,5,89,38.301,-86.9622
Huntingdon,PA,6,9,40.5,-78.0097
Huntingdon,TN,19,21,36.0052,-88.4181
Huntington,IN,32,8,40.881,-85.5063
Huntington,WV,21,37,38.4109,-82.4345
Huntsville,AL,27,33,34.6981,-86.6412
Huntsville,TN,1,1,36.4112,-84.5056
Huntsville,TX,0,1,30.7009,-95.5567
Hurley,WI,0,1,46.4462,-90.1983
Hurlock,MD,12,32,38.6268,-75.864
Huron,OH,41,14,41.3912,-82.5636
Hurricane,WV,3,5,38.4293,-82.0182
Hurt,VA,0,1,37.0954,-79.3029
Hutchins,TX,3,1,32.6421,-96.7093
Hutchinson,KS,1,2,38.0671,-97.9081
Hutchinson,MN,1,0,44.8855,-94.3768
Hutto,TX,0,1,30.5396,-97.544
Hyattsville,MD,144,23,38.9613,-76.9548
Iberia,OH,2,0,40.6747,-82.8403
Idaville,IN,0,1,40.7588,-86.6505
Ilion,NY,1,2,43.0114,-75.0396
Illiopolis,IL,1,0,39.8498,-89.2521
Imlay City,MI,0,2,43.0171,-83.0771
Imperial,PA,11,16,40.4536,-80.2499
Independence,IA,1,0,42.4621,-91.9027
Independence,KS,0,1,37.2119,-95.7327
Independence,KY,1,6,38.951,-84.5492
Independence,LA,1,0,30.6361,-90.5056
Independence,MO,8,37,39.0871,-94.3501
Independence,OH,0,12,41.378,-81.6385
Independence,VA,7,32,36.6254,-81.1511
Indian Trail,NC,8,92,35.0699,-80.6452
Indiana,PA,4,9,40.622,-79.1552
Indianapolis,IN,330,370,39.7771,-86.1458
Indianola,MS,0,6,33.4492,-90.6447
Indiantown,FL,0,1,27.0376,-80.491
Inez,KY,0,1,37.8693,-82.5398
Inkster,MI,1,0,42.2935,-83.3148
Inman,SC,8,14,35.0463,-82.0897
Inola,OK,1,1,36.1321,-95.5369
Institute,WV,1,0,38.3797,-81.7662
Intercourse,PA,0,1,40.0379,-76.1081
Interlaken,NY,0,1,42.6189,-76.7251
Inver Grove Heights,MN,0,1,44.8247,-93.0596
Inverness,FL,0,1,28.8416,-82.3418
Inwood,WV,58,30,39.3538,-78.0552
Ionia,MI,0,1,42.9773,-85.0727
Iowa,LA,0,1,30.2393,-93.013
Iowa City,IA,2,0,41.6559,-91.5303
Irmo,SC,2,13,34.1018,-81.1956
Iron City,GA,0,2,31.0136,-84.8133
Iron Junction,MN,0,1,47.419,-92.6086
Iron Mountain,MI,1,0,45.8275,-88.0599
Iron River,MI,0,1,46.0966,-88.6396
Iron Station,NC,4,12,35.4515,-81.1568
Ironton,OH,20,16,38.5323,-82.6779
Irving,TX,1,4,32.8583,-96.9702
Irvington,KY,0,1,37.8779,-86.2848
Irwin,PA,9,1,40.325,-79.6996
Irwinton,GA,1,0,32.8107,-83.1737
Island Pond,VT,4,0,44.8125,-71.8862
Itasca,IL,3,3,41.9772,-88.0183
Ithaca,MI,2,2,43.2911,-84.5956
Ithaca,NY,2,13,42.4442,-76.5032
Iuka,MS,7,1,34.8077,-88.1978
Ivanhoe,NC,0,1,34.587,-78.2447
Ivyland,PA,8,1,40.2083,-75.0733
JEWETT CITY,CT,0,2,41.607,-71.9806
Jacksboro,TN,0,6,36.3351,-84.1928
Jackson,AL,2,2,31.5318,-87.8915
Jackson,GA,0,32,33.292,-83.9679
Jackson,KY,1,1,37.5589,-83.3783
Jackson,MI,16,3,42.2431,-84.4038
Jackson,MO,13,19,37.3792,-89.6522
Jackson,MS,4,3,32.3157,-90.2125
Jackson,OH,1,2,39.0448,-82.6458
Jackson,SC,0,3,33.3283,-81.7925
Jackson,TN,35,45,35.6538,-88.8354
Jackson,WI,0,1,43.3233,-88.1666
Jackson Center,OH,1,2,40.4385,-84.0413
Jackson Center,PA,5,0,41.2731,-80.1397
Jacksonville,AR,0,1,34.8807,-92.1304
Jacksonville,FL,139,156,30.3322,-81.6749
Jacksonville,GA,1,0,31.8125,-82.979
Jacksonville,IL,5,0,39.7292,-90.2317
Jacksonville,NC,13,39,34.7289,-77.3941
Jacksonville,TX,1,0,31.9642,-95.2617
Jacksonville Beach,FL,0,2,30.2782,-81.4045
Jamesburg,NJ,7,45,40.3493,-74.4399
Jamestown,KY,3,1,36.9893,-85.0662
Jamestown,NC,7,12,35.9984,-79.9348
Jamestown,NY,6,16,42.0976,-79.2367
Jamestown,PA,0,1,41.4843,-80.437
Jamestown,SC,0,2,33.2858,-79.6945
Jamestown,TN,0,1,36.4319,-84.9341
Jamesville,NC,4,0,35.8122,-76.9002
Janesville,WI,8,4,42.6854,-89.0135
Jarratt,VA,0,1,36.816,-77.4689
Jasper,AL,6,0,33.8508,-87.271
Jasper,GA,2,0,34.471,-84.4497
Jasper,IN,6,10,38.3933,-86.9402
Jasper,TN,11,2,35.0663,-85.6227
Jasper,TX,1,0,30.9221,-93.9947
Jay,FL,1,0,30.9504,-87.1523
Jeannette,PA,5,4,40.3277,-79.6139
Jefferson,GA,64,13,34.1373,-83.6021
Jefferson,IA,0,1,42.0173,-94.3799
Jefferson,NC,5,9,36.4209,-81.4686
Jefferson,OH,6,2,41.7384,-80.7689
Jefferson,SC,0,4,34.6512,-80.3866
Jefferson City,MO,4,3,38.5676,-92.1759
Jefferson City,TN,8,15,36.1201,-83.4829
Jefferson Hills,PA,2,0,40.2926,-79.9329
Jeffersontown,KY,1,3,38.2049,-85.5701
Jeffersonville,IN,161,31,38.3376,-85.7026
Jeffersonville,NY,0,3,41.7799,-74.9298
Jeffersonville,OH,15,7,39.6522,-83.555
Jenison,MI,1,3,42.9063,-85.8269
Jersey City,NJ,213,76,40.7184,-74.0686
Jersey Shore,PA,65,38,41.2012,-77.2666
Jersey Village,TX,0,2,29.8903,-95.5721
Jessup,MD,67,144,39.1488,-76.7772
Jessup,PA,10,59,41.4622,-75.5478
Jesup,GA,4,23,31.5992,-81.8895
Jewett,OH,3,0,40.3681,-81.0031
Jewett,TX,2,0,31.3627,-96.1455
Johnson City,NY,0,3,42.123,-75.9624
Johnson City,TN,39,52,36.3406,-82.3806
Johnsonburg,PA,62,13,41.4913,-78.6791
Johnsonville,IL,1,0,38.5208,-88.5382
Johnsonville,SC,28,13,33.815,-79.4443
Johnston,SC,2,4,33.8328,-81.8051
Johnstown,NY,39,60,43.0073,-74.3755
Johnstown,OH,14,12,40.15,-82.6881
Johnstown,PA,134,64,40.326,-78.9194
Joliet,IL,10,22,41.5188,-88.1499
Jonesboro,AR,26,13,35.8212,-90.6791
Jonesboro,GA,4,4,33.5211,-84.3548
Jonesboro,IN,12,3,40.4797,-85.6304
Jonesburg,MO,1,1,38.8546,-91.3028
Jonestown,MS,1,0,34.3222,-90.4541
Jonestown,PA,11,28,40.413,-76.4806
Jonesville,MI,0,1,41.9785,-84.6656
Jonesville,NC,5,1,36.2336,-80.8351
Jonesville,SC,0,43,34.8348,-81.6811
Joplin,MO,7,7,37.0757,-94.5018
Joppatowne,MD,0,1,39.4181,-76.3516
Jordan,MN,1,0,44.6648,-93.6351
Jordan,NY,0,8,43.0671,-76.473
Juliette,GA,1,2,33.1109,-83.8094
Junction City,KS,2,2,39.0277,-96.8508
Junction City,KY,1,0,37.5853,-84.7903
Jupiter,FL,7,2,26.92,-80.1128
Justin,TX,0,1,33.0882,-97.3041
Kalamazoo,MI,6,14,42.2749,-85.5882
Kaleva,MI,1,0,44.3723,-86.0135
Kalona,IA,0,1,41.4874,-91.7018
Kane,PA,5,0,41.6631,-78.8094
Kankakee,IL,13,2,41.102,-87.8643
Kannapolis,NC,13,40,35.4764,-80.6408
Kansas City,KS,18,6,39.1235,-94.7443
Kansas City,MO,38,77,39.1238,-94.5541
Karnak,IL,0,1,37.2942,-88.9758
Kasson,MN,0,1,44.0333,-92.7479
Katonah,NY,0,1,41.256,-73.6857
Katy,TX,0,1,29.7905,-95.8353
Kaufman,TX,1,0,32.5766,-96.3158
Kaukauna,WI,3,0,44.2773,-88.2641
Kearney,MO,1,0,39.355,-94.3599
Kearny,NJ,57,46,40.7528,-74.1202
Keasbey,NJ,24,37,40.5143,-74.3078
Keene,NH,0,3,42.9494,-72.2998
Keeseville,NY,0,1,44.5035,-73.4812
Kempton,PA,1,4,40.6278,-75.8546
Kenansville,NC,10,25,34.9598,-77.9659
Kenbridge,VA,7,20,36.9609,-78.1284
Kendallville,IN,24,34,41.4441,-85.2578
Kenilworth,NJ,7,8,40.6781,-74.289
Kenly,NC,7,4,35.5885,-78.137
Kenmore,NY,1,2,42.9646,-78.8713
Kennedyville,MD,2,2,39.3032,-75.9949
Kenner,LA,0,1,30.0109,-90.2549
Kennesaw,GA,9,11,34.026,-84.6177
Kennett Square,PA,0,3,39.8438,-75.7113
Kenosha,WI,3,2,42.5865,-87.8773
Kent,OH,16,10,41.149,-81.361
Kent City,MI,0,1,43.2202,-85.7539
Kentland,IN,1,1,40.774,-87.4465
Kenton,OH,23,10,40.6449,-83.6093
Kentwood,MI,14,16,42.8852,-85.5926
Keota,OK,1,0,35.2569,-94.9226
Kermit,WV,1,0,37.8425,-82.4086
Kernersville,NC,49,196,36.1065,-80.0842
Kersey,PA,1,5,41.357,-78.6101
Kershaw,SC,1,2,34.5462,-80.5873
Kettering,OH,0,1,39.6956,-84.1494
Kettlersville,OH,0,1,40.4389,-84.2598
Kewanee,IL,0,1,41.2399,-89.9264
Keyport,NJ,1,2,40.4328,-74.2011
Keyser,WV,3,1,39.4394,-78.9821
Keysville,VA,1,0,37.039,-78.4804
Kildeer,IL,0,1,42.183,-88.0488
Kill Devil Hills,NC,0,2,36.0167,-75.6699
Killen,AL,0,1,34.8607,-87.5268
Kilmarnock,VA,0,1,37.7118,-76.3834
Kimberly,WI,0,3,44.267,-88.3378
Kimberton,PA,1,0,40.1306,-75.5743
King,NC,0,3,36.2769,-80.3566
King George,VA,5,0,38.2807,-77.1896
King Of Prussia,PA,10,11,40.0963,-75.3821
King William,VA,8,1,37.6882,-77.0212
Kingdom City,MO,0,1,38.9473,-91.9389
Kingfield,ME,16,0,44.9582,-70.1592
Kings Mountain,NC,82,540,35.2349,-81.3501
Kingsbury,IN,1,0,41.5302,-86.6972
Kingsland,GA,0,1,30.8194,-81.7216
Kingsport,TN,38,95,36.5224,-82.5454
Kingston,NY,6,14,41.9295,-73.9968
Kingston,TN,0,1,35.8713,-84.4959
Kingstown,NC,1,0,35.3621,-81.6201
Kingstree,SC,9,27,33.6665,-79.8292
Kingsville,MD,0,1,39.4496,-76.4205
Kingwood,WV,2,2,39.4719,-79.6822
Kinloch,MO,0,1,38.7384,-90.3249
Kinston,NC,128,88,35.2747,-77.5939
Kissimmee,FL,0,10,28.3041,-81.4169
Kittanning,PA,5,7,40.8279,-79.5233
Kittrell,NC,0,1,36.2218,-78.4414
Kitty Hawk,NC,0,4,36.0717,-75.7184
Klingerstown,PA,0,1,40.6588,-76.6931
Knightdale,NC,17,55,35.7911,-78.4966
Knightstown,IN,1,0,39.7959,-85.5312
Knox,IN,3,2,41.291,-86.6212
Knox,PA,0,5,41.2346,-79.536
Knoxville,TN,135,216,35.9692,-83.9496
Kohler,WI,0,1,43.7364,-87.7795
Kokomo,IN,5,49,40.464,-86.1277
Kokomo,MS,0,2,31.1991,-90.0008
Kosciusko,MS,2,3,33.0585,-89.5893
Koshkonong,MO,1,0,36.5976,-91.646
Kreamer,PA,3,0,40.8004,-76.9707
Kure Beach,NC,0,1,34.0004,-77.9076
Kutztown,PA,88,20,40.5212,-75.7772
LEWIS RUN,PA,1,1,41.87,-78.6588
La Crosse,WI,10,5,43.8241,-91.2268
La Farge,WI,0,1,43.5782,-90.6381
La Fargeville,NY,2,2,44.196,-75.9627
La Fayette,AL,1,0,32.8997,-85.4007
La Grange,IL,0,1,41.8072,-87.8741
La Grange,KY,6,27,38.3987,-85.375
La Grange,NC,39,1,35.3064,-77.789
La Porte,IN,14,9,41.6069,-86.7142
La Porte,TX,2,1,29.6689,-95.0484
La Vergne,TN,35,80,36.02,-86.5586
La Vista,NE,0,2,41.1816,-96.0664
Labelle,FL,1,0,26.7219,-81.4506
Lackawanna,NY,17,12,42.8182,-78.8325
Lacombe,LA,1,0,30.3141,-89.931
Laconia,NH,0,9,43.5725,-71.4775
Ladson,SC,87,145,33.0093,-80.1078
Lady Lake,FL,0,1,28.9241,-81.9299
Lafayette,GA,1,8,34.7089,-85.2815
Lafayette,IN,39,21,40.3991,-86.8593
Lafayette,LA,1,1,30.2082,-92.0325
Lagrange,GA,5,21,33.0274,-85.0384
Lagrange,IN,17,5,41.6481,-85.418
Lake Bluff,IL,2,0,42.2826,-87.851
Lake Charles,LA,3,2,30.201,-93.2111
Lake City,FL,1,2,30.1901,-82.6471
Lake City,PA,0,1,42.018,-80.3465
Lake City,SC,110,7,33.8676,-79.7534
Lake Huntington,NY,0,1,41.683,-74.9922
Lake Katrine,NY,0,1,41.9862,-73.9893
Lake Mary,FL,1,0,28.7592,-81.336
Lake Orion,MI,3,4,42.7827,-83.2453
Lake Panasoffkee,FL,0,4,28.785,-82.1258
Lake Park,GA,0,6,30.6851,-83.1873
Lake Placid,FL,5,1,27.3037,-81.371
Lake Placid,NY,0,1,44.2838,-73.9853
Lake Providence,LA,2,0,32.8132,-91.1825
Lake View,SC,0,1,34.3405,-79.1664
Lake Waccamaw,NC,0,1,34.3141,-78.5117
Lake Wales,FL,6,4,27.9195,-81.5961
Lake Zurich,IL,0,12,42.1956,-88.087
Lakehurst,NJ,4,0,40.0133,-74.3201
Lakeland,FL,26,40,28.0557,-81.9545
Lakeville,IN,1,0,41.5286,-86.2745
Lakeville,MN,3,1,44.6774,-93.252
Lakeville,NY,0,2,42.8367,-77.703
Lakewood,NY,119,6,42.0992,-79.3201
Lakewood,OH,0,1,41.4822,-81.8008
Lamar,AR,1,0,35.4436,-93.3951
Lamar,CO,1,0,38.074,-102.6154
Lamar,MO,2,0,37.4945,-94.2791
Lamar,SC,3,5,34.1695,-80.0649
Lambertville,NJ,1,3,40.3687,-74.943
Lancaster,OH,19,12,39.7248,-82.6049
Lancaster,PA,178,113,40.042,-76.3012
Lancaster,SC,37,40,34.7248,-80.7804
Lancaster,TX,4,11,32.5922,-96.7739
Land O' Lakes,FL,1,1,28.2075,-82.4476
Landing,NJ,0,1,40.9078,-74.6593
Landis,NC,5,72,35.5477,-80.6113
Landisville,PA,2,4,40.0902,-76.4064
Landover,MD,3,22,38.9241,-76.8875
Landover Hills,MD,0,1,38.9425,-76.8945
Landrum,SC,0,1,35.1747,-82.1848
Lanett,AL,3,0,32.8577,-85.2078
Langeloth,PA,1,0,40.3631,-80.4138
Langhorne,PA,44,21,40.1777,-74.9212
Langley,SC,8,0,33.512,-81.8344
Lanham,MD,0,8,38.962,-76.8421
Lansdale,PA,8,12,40.2417,-75.2812
Lansdowne,PA,2,1,39.9408,-75.276
Lansing,IL,0,1,41.5648,-87.5462
Lansing,MI,7,24,42.7142,-84.5601
Lansing,NC,0,1,36.4994,-81.5106
Lapeer,MI,14,6,43.0447,-83.3253
Lapel,IN,1,2,40.0334,-85.8406
Laredo,TX,10,5,27.5625,-99.4874
Largo,FL,2,3,27.9088,-82.7712
Largo,MD,0,1,38.88,-76.8289
Larwill,IN,0,1,41.1793,-85.6242
Las Cruces,NM,2,0,32.3265,-106.7893
Las Vegas,NV,1,1,36.2333,-115.2654
Latham,NY,74,12,42.7427,-73.7497
Latrobe,PA,18,23,40.3125,-79.3825
Latta,SC,18,12,34.339,-79.4337
Latty,OH,0,1,41.0879,-84.5832
Lauderhill,FL,0,1,26.1605,-80.2241
Laurel,DE,7,8,38.5691,-75.5689
Laurel,MD,7,33,39.0949,-76.8622
Laurel,MS,4,3,31.6956,-89.1449
Laurel Hill,FL,0,1,30.9623,-86.4586
Laurel Hill,NC,12,11,34.8102,-79.546
Laurel Run,PA,1,2,41.2195,-75.8446
Laurens,SC,45,30,34.5022,-82.0207
Laurinburg,NC,40,34,34.7602,-79.4773
Lavonia,GA,14,19,34.4341,-83.1079
Lawndale,NC,26,19,35.4142,-81.563
Lawrence,KS,1,2,38.9597,-95.2642
Lawrence,MA,3,12,42.7002,-71.1626
Lawrence,NY,1,0,40.6041,-73.7151
Lawrence,PA,0,1,40.304,-80.122
Lawrenceburg,IN,7,3,39.0986,-84.8713
Lawrenceburg,KY,40,3,38.0332,-84.9031
Lawrenceburg,TN,15,20,35.2497,-87.3325
Lawrenceville,GA,21,23,33.9523,-83.9932
Lawrenceville,IL,1,2,38.7264,-87.6873
Lawrenceville,NJ,10,0,40.3018,-74.7378
Lawrenceville,VA,5,34,36.7565,-77.8539
Lawton,MI,2,1,42.1678,-85.8461
Lawton,OK,2,0,34.6175,-98.4202
Le Mars,IA,0,1,42.781,-96.1733
Le Roy,MI,1,0,44.0381,-85.4538
League City,TX,0,1,29.4874,-95.1087
Leavenworth,KS,3,0,39.3239,-94.924
Lebanon,IL,0,1,38.6005,-89.8114
Lebanon,IN,40,42,40.0324,-86.4551
Lebanon,KY,22,32,37.5691,-85.2594
Lebanon,MO,3,2,37.6717,-92.6603
Lebanon,NH,0,2,43.6353,-72.2531
Lebanon,OH,3,18,39.4254,-84.2133
Lebanon,PA,54,58,40.3412,-76.4228
Lebanon,TN,52,49,36.204,-86.3481
Lebanon,VA,1,5,36.8991,-82.0784
Lebanon Junction,KY,5,1,37.8357,-85.7243
Lecompton,KS,1,0,39.0358,-95.3929
Lee,FL,1,0,30.4114,-83.3003
Lee,IL,0,1,41.7955,-88.9417
Leeds,AL,1,2,33.5436,-86.5639
Leesburg,AL,0,1,34.1839,-85.775
Leesburg,FL,0,5,28.7672,-81.8962
Leesburg,GA,2,1,31.7324,-84.1688
Leesburg,IN,1,1,41.3307,-85.849
Leesburg,VA,0,8,39.1057,-77.5544
Leesport,PA,1034,256,40.4451,-75.9684
Leetonia,OH,2,0,40.8785,-80.7624
Leetsdale,PA,16,53,40.5656,-80.2143
Lehigh Acres,FL,0,1,26.612,-81.6388
Lehighton,PA,0,2,40.8306,-75.7165
Leipsic,OH,11,2,41.1096,-83.9674
Leitchfield,KY,1,4,37.4863,-86.2856
Leland,NC,24,54,34.2042,-78.0279
Lemont,IL,2,0,41.6695,-87.9838
Lemont Furnace,PA,2,0,39.9103,-79.6628
Lemoyne,PA,10,21,40.2442,-76.8991
Lenexa,KS,7,0,38.9609,-94.8018
Lenhartsville,PA,0,1,40.5721,-75.8892
Lenoir,NC,216,58,35.9094,-81.5249
Lenoir City,TN,6,8,35.8111,-84.2818
Lenox,IA,1,0,40.8835,-94.5583
Leola,AR,1,0,34.17,-92.5914
Leola,PA,32,11,40.0915,-76.1891
Leominster,MA,38,13,42.5209,-71.7717
Leonard,MI,1,0,42.8652,-83.1429
Leonard,TX,0,2,33.3829,-96.2467
Leonardtown,MD,0,3,38.3039,-76.6395
Leonia,NJ,5,0,40.8638,-73.99
Lesage,WV,1,3,38.487,-82.293
Levittown,PA,14,27,40.1533,-74.8531
Lewes,DE,0,1,38.7776,-75.145
Lewisberry,PA,20,33,40.1356,-76.861
Lewisburg,KY,0,5,36.9872,-86.9502
Lewisburg,OH,5,7,39.8508,-84.5434
Lewisburg,PA,0,1,40.9641,-76.8901
Lewisburg,TN,16,1,35.451,-86.7901
Lewisburg,WV,3,1,37.8096,-80.4327
Lewisport,KY,14,64,37.9309,-86.9027
Lewiston,ME,11,17,44.0915,-70.1681
Lewiston Woodville,NC,0,4,36.1141,-77.1811
Lewistown,OH,4,3,40.4238,-83.8846
Lewistown,PA,50,266,40.5964,-77.573
Lewisville,IN,0,1,39.8068,-85.3529
Lewisville,NC,1,1,36.103,-80.4166
Lewisville,TX,2,7,33.0454,-96.9815
Lexington,KY,47,145,38.0423,-84.4587
Lexington,MI,0,1,43.2671,-82.5374
Lexington,MS,0,1,33.1163,-90.0498
Lexington,NC,159,99,35.8018,-80.2682
Lexington,OH,44,5,40.68,-82.5793
Lexington,SC,10,125,33.989,-81.2202
Lexington,TN,6,13,35.6618,-88.3944
Lexington,VA,2,4,37.7825,-79.4441
Lexington Park,MD,0,7,38.2528,-76.4424
Liberty,KY,0,1,37.3205,-84.9287
Liberty,MO,6,0,39.2394,-94.4191
Liberty,NC,6,12,35.8555,-79.5682
Liberty,SC,5,40,34.7904,-82.6961
Liberty Hill,TX,1,0,30.6638,-97.9063
Libertyville,IL,2,2,42.287,-87.967
Ligonier,IN,5,1,41.4625,-85.5948
Lilburn,GA,0,4,33.8897,-84.1364
Lilesville,NC,0,1,34.9675,-79.9845
Lillington,NC,1,3,35.4001,-78.8138
Lima,OH,47,30,40.741,-84.112
Lincoln,IL,3,3,40.1508,-89.372
Lincoln,NE,1,0,40.8099,-96.6784
Lincoln Park,NJ,2,0,40.9239,-74.3035
Lincolnton,NC,164,69,35.4748,-81.2386
Linden,NJ,219,66,40.6251,-74.2383
Lindenhurst,NY,2,3,40.6858,-73.371
Lindenwold,NJ,3,0,39.8173,-74.9898
Linthicum,MD,0,2,39.2088,-76.6626
Linton,IN,0,2,39.0354,-87.1577
Linville,NC,1,0,36.0674,-81.8715
Lisbon,ME,2,0,44.0289,-70.1076
Lisbon,OH,13,2,40.7752,-80.7628
Litchfield,IL,4,0,39.1954,-89.63
Litchfield,MN,1,0,45.1221,-94.5253
Lithia Springs,GA,53,59,33.7811,-84.6487
Lithonia,GA,15,23,33.7129,-84.106
Lititz,PA,6,18,40.154,-76.3044
Little Chute,WI,2,1,44.2906,-88.3208
Little Falls,MN,0,1,45.9862,-94.3586
Little Falls,NY,8,1,43.0452,-74.8566
Little Ferry,NJ,1,22,40.8464,-74.0388
Little Hocking,OH,0,1,39.2608,-81.702
Little Mountain,SC,0,1,34.1968,-81.4124
Little River,SC,0,5,33.8786,-78.6393
Little Rock,AR,3,17,34.7256,-92.3577
Little Silver,NJ,0,1,40.3357,-74.0346
Littlestown,PA,1,3,39.7452,-77.0892
Littleton,NC,1,1,36.4343,-77.911
Live Oak,FL,1,0,30.2957,-82.9847
Liverpool,NY,28,48,43.1065,-76.2095
Livingston,AL,2,2,32.5982,-88.1891
Livingston,TN,0,3,36.3875,-85.3265
Livingston,TX,0,1,30.71,-94.9381
Livonia,MI,5,23,42.3972,-83.3733
Lobelville,TN,1,1,35.7508,-87.7958
Lock Haven,PA,43,8,41.1365,-77.4521
Lockbourne,OH,126,193,39.8078,-82.9838
Lockport,IL,2,5,41.5906,-88.0293
Lockport,NY,6,11,43.1698,-78.6956
Locust,NC,0,3,35.2688,-80.4369
Locust Grove,GA,4,6,33.3446,-84.1071
Locust Grove,VA,1,0,38.9705,-78.4031
Lodge,SC,1,0,33.0678,-80.9537
Lodi,NJ,0,75,40.8784,-74.0814
Lodi,OH,0,1,41.0348,-82.0124
Logan,OH,0,1,39.5385,-82.4062
Logan,WV,0,1,37.8509,-81.9857
Logansport,IN,2,4,40.7472,-86.352
Loganton,PA,0,3,41.0338,-77.3023
Lolita,TX,2,0,28.8326,-96.5388
Lomira,WI,3,1,43.5946,-88.4421
London,KY,9,50,37.1175,-84.0767
London,OH,4,6,39.8935,-83.4375
Londonderry,VT,0,1,43.2278,-72.8083
Lone Wolf,OK,0,1,34.9904,-99.2456
Long Beach,CA,0,1,33.7977,-118.167
Long Beach,MS,0,1,30.3608,-89.1651
Long Branch,NJ,1,7,40.2965,-73.9915
Long Neck,DE,0,1,38.6205,-75.1529
Long Prairie,MN,1,0,45.9775,-94.863
Longview,TX,1,1,32.5193,-94.7622
Lorain,OH,6,30,41.4409,-82.184
Lordstown,OH,1,6,41.1684,-80.859
Loretto,KY,0,1,37.6351,-85.3985
Loretto,MN,0,1,45.0548,-93.6353
Loretto,TN,1,0,35.0792,-87.4401
Loris,SC,2,16,34.0578,-78.8876
Lorton,VA,2,32,38.6983,-77.2164
Loudon,TN,35,39,35.7414,-84.3701
Loudonville,OH,0,2,40.6342,-82.2328
Louisa,KY,0,5,38.1081,-82.6132
Louisa,VA,13,4,38.0212,-77.9986
Louisburg,NC,15,17,36.0986,-78.3009
Louisville,AL,1,2,31.781,-85.5583
Louisville,KY,381,383,38.1663,-85.6485
Louisville,MS,1,2,33.1224,-89.0553
Louisville,OH,2,4,40.837,-81.2643
Louisville,TN,1,5,35.8247,-84.0552
Lovejoy,GA,0,1,33.4426,-84.3177
Loveland,OH,1,10,39.2677,-84.2733
Lovell,WY,1,0,44.8357,-108.3919
Low Moor,VA,12,0,37.7952,-79.8695
Lowell,AR,1,1,36.2561,-94.1532
Lowell,IN,0,1,41.2917,-87.4195
Lowell,MA,0,2,42.6389,-71.3217
Lowell,MI,1,2,42.9351,-85.3457
Lowell,NC,2,4,35.2688,-81.1013
Lowellville,OH,1,144,41.039,-80.5463
Lowgap,NC,1,1,36.5231,-80.8671
Loxahatchee Groves,FL,0,2,26.7106,-80.2763
Loxley,AL,5,8,30.6812,-87.7416
Loyalhanna,PA,0,1,40.3144,-79.356
Loysville,PA,0,1,40.3656,-77.3444
Lubbock,TX,1,0,33.5657,-101.8879
Lucama,NC,2,3,35.6449,-78.0076
Lucasville,OH,0,1,38.878,-82.985
Luckey,OH,69,2,41.4525,-83.4839
Ludington,MI,11,1,43.9573,-86.4434
Ludlow,MO,0,1,39.6541,-93.7025
Lufkin,TX,1,1,31.3217,-94.7277
Lugoff,SC,45,73,34.2113,-80.6973
Lula,GA,0,6,34.3955,-83.6659
Lumber Bridge,NC,0,5,34.8898,-79.0725
Lumber City,GA,2,0,31.933,-82.6828
Lumberton,MS,1,0,31.0064,-89.4592
Lumberton,NC,156,101,34.6312,-79.0186
Lunenburg,VA,0,6,36.9585,-78.2683
Luray,VA,0,2,38.665,-78.4546
Luther,OK,0,1,35.6682,-97.1905
Luverne,AL,0,2,31.7186,-86.2687
Luverne,MN,0,1,43.6531,-96.2148
Lyerly,GA,0,2,34.4035,-85.4041
Lykens,PA,1,0,40.5641,-76.6983
Lyman,SC,3,5,34.9667,-82.1232
Lynchburg,TN,2,10,35.2846,-86.3587
Lynchburg,VA,36,60,37.4003,-79.1909
Lyndhurst,VA,1,6,38.022,-78.9516
Lyndon,VT,1,0,44.5154,-72.0134
Lyndonville,NY,4,1,43.3213,-78.3891
Lynn,MA,3,6,42.4781,-70.9664
Lynnville,IN,1,0,38.1988,-87.3141
Lyon,MS,0,1,34.2169,-90.543
Lyons,GA,3,3,32.2062,-82.3215
Lyons,KS,4,0,38.3462,-98.2045
Lyons,PA,1,26,40.4807,-75.7592
Lyons Falls,NY,0,1,43.617,-75.3618
Mabank,TX,0,1,32.3685,-96.1138
Mableton,GA,4,11,33.8133,-84.5655
Macclenny,FL,0,5,30.2809,-82.1253
Macedonia,OH,49,59,41.3147,-81.4989
Maceo,KY,1,1,37.8624,-86.9914
Machesney Park,IL,2,0,42.3666,-89.0266
Mackinaw,IL,1,1,40.5341,-89.355
Macon,GA,41,39,32.8065,-83.6974
Macon,MO,0,1,39.7426,-92.4711
Macon,MS,2,0,33.1217,-88.5564
Macungie,PA,11,46,40.5165,-75.5545
Macy,IN,0,1,40.9581,-86.1288
Madison,AL,8,17,34.7114,-86.7626
Madison,GA,12,2,33.5793,-83.4758
Madison,IL,4,1,38.7024,-90.1501
Madison,IN,6,2,38.7581,-85.3973
Madison,MS,1,4,32.4738,-90.13
Madison,NC,25,18,36.3868,-79.975
Madison,NJ,0,1,40.7586,-74.4169
Madison,OH,21,2,41.7722,-81.0529
Madison,SD,1,0,44.0062,-97.1085
Madison,VA,6,5,38.3794,-78.2586
Madison,WI,1,8,43.0822,-89.393
Madison,WV,0,1,38.0631,-81.8046
Madison Heights,MI,2,2,42.5073,-83.1034
Madison Heights,VA,2,3,37.4487,-79.1057
Madisonville,KY,16,10,37.3409,-87.5034
Madisonville,TN,0,2,35.5232,-84.363
Magee,MS,0,2,31.873,-89.734
Magna,UT,0,1,40.7634,-112.1599
Magnolia,MS,0,1,31.1619,-90.467
Mahanoy City,PA,3,0,40.8126,-76.1382
Maiden,NC,12,10,35.5845,-81.224
Maize,KS,1,0,37.7749,-97.462
Malden,MA,0,1,42.4305,-71.0576
Malden,MO,4,0,36.585,-89.9808
Malvern,PA,5,4,40.0329,-75.5146
Manassas,VA,36,127,38.7479,-77.4838
Manassas Park,VA,59,7,38.7709,-77.4429
Manawa,WI,3,0,44.4613,-88.9204
Manchester,GA,5,1,32.8565,-84.6329
Manchester,MD,0,1,39.6585,-76.8881
Manchester,NH,6,8,42.9848,-71.4447
Manchester,PA,14,7,40.0613,-76.7195
Manchester,TN,9,13,35.463,-86.0774
Mangum,OK,0,1,34.8787,-99.5038
Manhattan,KS,0,1,39.1886,-96.6048
Manheim,PA,5,15,40.163,-76.3964
Manistee,MI,5,0,44.2439,-86.3242
Manistique,MI,1,0,45.9591,-86.2507
Manitowoc,WI,6,1,44.0991,-87.6812
Mankato,MN,3,3,44.1715,-93.9772
Manning,SC,22,32,33.6933,-80.2167
Manns Choice,PA,2,1,40.0035,-78.5912
Mannsville,NY,0,1,43.7158,-76.0649
Mansfield,IL,1,0,40.2125,-88.5084
Mansfield,LA,2,0,32.0355,-93.7004
Mansfield,OH,16,13,40.7656,-82.5275
Mansfield,PA,0,5,41.8062,-77.0787
Mansfield,TX,0,2,32.569,-97.1213
Manteo,NC,0,5,35.9014,-75.6609
Manton,MI,1,0,44.4114,-85.401
Mantua,OH,1,0,41.282,-81.2223
Maple Grove,MN,2,6,45.1089,-93.4626
Maple Heights,OH,11,17,41.4094,-81.5625
Maple Park,IL,1,0,41.9095,-88.6076
Maple Plain,MN,0,1,45.0088,-93.6618
Maplesville,AL,2,0,32.7867,-86.8783
Mappsville,VA,0,1,37.8435,-75.5686
Maquoketa,IA,1,1,42.059,-90.6649
Marana,AZ,1,0,32.4355,-111.1558
Marble,NC,0,1,35.177,-83.9265
Marcus Hook,PA,1,5,39.8131,-75.4165
Marcy,NY,1,31,43.1373,-75.268
Marengo,IN,14,126,38.3714,-86.3444
Marengo,OH,0,11,40.4008,-82.811
Marianna,AR,1,0,34.7736,-90.7674
Marianna,FL,3,4,30.7943,-85.2259
Marietta,GA,31,13,33.9533,-84.5422
Marietta,OH,73,45,39.4241,-81.4465
Marietta,PA,4,7,40.0574,-76.5515
Marion,AL,0,2,32.6318,-87.3172
Marion,IA,0,1,42.0451,-91.585
Marion,IL,2,2,37.7345,-88.942
Marion,IN,30,45,40.5497,-85.6604
Marion,NC,26,21,35.6777,-82.0017
Marion,OH,47,19,40.5973,-83.1227
Marion,SC,18,23,34.1787,-79.3956
Marion,VA,20,5,36.8379,-81.5156
Marked Tree,AR,2,1,35.5251,-90.4252
Markesan,WI,1,0,43.7098,-88.9907
Markham,IL,1,0,41.6,-87.6904
Marksville,LA,1,0,31.1246,-92.0652
Marlboro,NJ,0,1,39.486,-75.3215
Marlboro,NY,11,1,41.6047,-73.9772
Marlborough,MA,0,6,42.3494,-71.5468
Marlette,MI,0,1,43.3268,-83.0806
Marlton,NJ,1,2,39.9014,-74.9294
Marmora,NJ,0,1,39.2594,-74.657
Marquez,TX,0,4,31.2361,-96.2574
Mars,PA,38,4,40.6969,-80.0141
Marshall,IL,0,1,39.3986,-87.69
Marshall,MI,0,1,42.2618,-84.9598
Marshall,MN,0,2,44.4488,-95.7897
Marshall,MO,0,1,39.1147,-93.201
Marshall,NC,1,0,35.7973,-82.6818
Marshall,TX,1,5,32.537,-94.3515
Marshall,VA,0,5,38.8661,-77.8453
Marshalltown,IA,1,3,42.0343,-92.9068
Marshfield,MO,1,0,37.3424,-92.9107
Marshville,NC,16,22,34.9865,-80.3685
Marston,MO,4,0,36.5177,-89.6063
Martin,GA,1,0,34.4856,-83.1985
Martin,MI,1,0,42.537,-85.6389
Martin,TN,8,1,36.3385,-88.8513
Martinez,GA,0,6,33.5209,-82.0985
Martins Ferry,OH,38,2,40.1014,-80.7253
Martinsburg,PA,3,2,40.3109,-78.3243
Martinsburg,WV,136,55,39.4582,-77.9776
Martinsville,IN,1,1,39.4149,-86.4316
Martinsville,VA,102,26,36.6826,-79.8636
Marydel,MD,0,1,39.113,-75.7497
Maryland Heights,MO,2,3,38.7189,-90.4749
Marysville,MI,1,3,42.9084,-82.4806
Marysville,OH,51,7,40.2279,-83.3595
Maryville,MO,4,2,40.3428,-94.8702
Maryville,TN,11,8,35.7468,-83.9789
Mascot,TN,6,0,36.0673,-83.7649
Mascoutah,IL,2,1,38.5192,-89.8045
Mason,MI,1,7,42.5806,-84.4427
Mason,OH,19,17,39.3571,-84.3023
Mason City,IA,0,1,43.1487,-93.1997
Massillon,OH,88,35,40.7838,-81.5254
Masury,OH,5,0,41.2083,-80.5378
Matamoras,PA,0,1,41.3666,-74.6997
Matawan,NJ,0,2,40.4127,-74.2365
Mathiston,MS,1,0,33.5391,-89.1275
Matteson,IL,1,1,41.5095,-87.7468
Matthews,NC,11,97,35.1195,-80.7101
Mattoon,IL,1,4,39.4774,-88.3623
Maugansville,MD,2,0,39.6937,-77.7472
Mauldin,SC,1,16,34.7821,-82.3032
Maumee,OH,19,5,41.5696,-83.6636
Maumelle,AR,1,1,34.8522,-92.4
Mauricetown,NJ,2,1,39.292,-75.0097
Max Meadows,VA,2,4,36.9798,-80.9678
Maxton,NC,108,151,34.7365,-79.3527
Maybrook,NY,0,22,41.4881,-74.213
Mayfield,KY,4,8,36.7371,-88.6447
Mayfield,PA,1,2,41.5394,-75.5315
Mayfield Heights,OH,0,1,41.5174,-81.4534
Maynardville,TN,2,4,36.247,-83.8057
Mayodan,NC,5,11,36.421,-79.9675
Mays Landing,NJ,10,10,39.4506,-74.7098
Maysville,GA,0,2,34.2555,-83.5521
Maysville,KY,12,10,38.6455,-83.7911
Maywood,IL,0,1,41.8798,-87.8442
Maywood,NJ,3,47,40.9025,-74.0634
Mazomanie,WI,1,0,43.1731,-89.7954
McAllen,TX,1,0,26.2252,-98.2467
McBain,MI,1,0,44.1961,-85.2154
McCrory,AR,0,6,35.2573,-91.1972
McDonald,TN,0,1,35.1088,-84.9853
McLean,VA,0,1,38.9436,-77.1943
McRae-Helena,GA,0,1,32.0636,-82.8968
Mcadenville,NC,1,1,35.2652,-81.0805
Mcadoo,PA,0,2,40.9009,-75.9924
Mcalester,OK,0,1,34.9257,-95.7734
Mcalisterville,PA,2,0,40.6381,-77.273
Mcbee,SC,72,13,34.467,-80.2571
Mccalla,AL,3,6,33.3023,-87.0302
Mccomb,OH,2,13,41.1068,-83.7898
Mcconnellsburg,PA,7,16,39.932,-77.9958
Mcconnelsville,OH,1,0,39.6568,-81.8467
Mccook,IL,0,7,41.7959,-87.8411
Mccordsville,IN,3,8,39.8966,-85.9208
Mcdonough,GA,65,58,33.4397,-84.1505
Mcelhattan,PA,13,28,41.1543,-77.3522
Mcewen,TN,1,0,36.1099,-87.6355
Mcgehee,AR,2,0,33.6278,-91.3953
Mcguire Afb,NJ,0,1,40.0285,-74.5883
Mchenry,IL,0,1,42.3387,-88.2932
Mcintyre,GA,5,0,32.8466,-83.2011
Mckees Rocks,PA,5,14,40.4688,-80.063
Mckeesport,PA,22,21,40.3418,-79.844
Mckenney,VA,0,4,36.9853,-77.7219
Mckenzie,TN,13,0,36.1372,-88.5077
Mckinney,TX,1,0,33.2016,-96.667
Mcleansville,NC,2,84,36.1045,-79.6554
Mcminnville,TN,5,3,35.6864,-85.7812
Mcpherson,KS,0,1,38.3714,-97.6605
Mcsherrystown,PA,1,0,39.8036,-77.0199
Mcveytown,PA,0,2,40.4981,-77.7415
Meadows of Dan,VA,0,1,36.7386,-80.3973
Meadville,PA,26,36,41.6476,-80.1468
Mebane,NC,85,116,36.0852,-79.2736
Mechanicsburg,PA,167,127,40.2115,-77.006
Mechanicsville,MD,0,2,38.4355,-76.7424
Mechanicsville,VA,3,33,37.6263,-77.3561
Mechanicville,NY,41,21,42.9036,-73.6894
Medford,MA,1,4,42.4234,-71.1087
Medford,NY,0,5,40.822,-72.9859
Media,PA,0,1,39.9199,-75.3889
Medina,NY,13,2,43.2197,-78.3888
Medina,OH,36,37,41.1358,-81.8695
Medley,FL,13,9,25.8647,-80.3516
Mehoopany,PA,6,52,41.568,-76.0616
Melbourne,AR,0,1,36.0638,-91.882
Melbourne,FL,0,3,28.1086,-80.6627
Melfa,VA,0,2,37.6489,-75.7407
Melissa,TX,1,0,33.2891,-96.5573
Melrose Park,IL,14,14,41.903,-87.8636
Melville,NY,2,0,40.7824,-73.4088
Melvindale,MI,2,0,42.2802,-83.1782
Memphis,IN,1,1,38.4891,-85.7679
Memphis,MI,0,4,42.8956,-82.7689
Memphis,TN,122,161,35.1087,-89.9663
Menasha,WI,2,0,44.2125,-88.4271
Mendota Heights,MN,0,2,44.8815,-93.14
Menomonee Falls,WI,4,0,43.1487,-88.1227
Menomonie,WI,1,2,44.8893,-91.9084
Mentor,OH,10,40,41.6893,-81.3362
Mer Rouge,LA,1,0,32.7767,-91.7949
Mercer,PA,3,0,41.2266,-80.2361
Mercersburg,PA,1,1,39.8318,-77.9028
Merchantville,NJ,2,1,39.9502,-75.0504
Meriden,CT,1,5,41.5369,-72.7946
Meridian,MS,5,2,32.3846,-88.6896
Merrick,NY,0,1,40.6515,-73.5535
Merrifield,VA,0,1,38.8731,-77.2426
Merrillville,IN,5,0,41.4728,-87.3196
Merritt Island,FL,0,2,28.3139,-80.6708
Mertztown,PA,4,12,40.5033,-75.6674
Mesa,AZ,1,1,33.4015,-111.7178
Mesquite,NM,2,0,32.167,-106.6885
Mesquite,TX,1,3,32.7602,-96.5865
Meta,MO,1,1,38.3122,-92.1656
Metairie,LA,0,1,29.9977,-90.178
Metropolis,IL,1,1,37.1565,-88.7082
Metter,GA,3,1,32.3958,-82.0621
Metuchen,NJ,3,7,40.5424,-74.3628
Mexico,MO,1,0,39.1625,-91.8712
Miami,FL,44,26,25.784,-80.2101
Miami Lakes,FL,1,0,25.9125,-80.3214
Miamisburg,OH,1,3,39.6322,-84.2724
Miamiville,OH,0,1,39.2123,-84.3001
Michigan City,IN,9,5,41.7092,-86.869
Mickleton,NJ,2,2,39.7921,-75.2437
Middle River,MD,13,59,39.3436,-76.4253
Middleburg,FL,7,0,30.0502,-81.9011
Middleburg,PA,0,2,40.7892,-77.0445
Middleburg,VA,0,5,38.9715,-77.7429
Middleburg Heights,OH,3,2,41.3696,-81.815
Middlebury,IN,10,11,41.6696,-85.7075
Middlefield,OH,40,81,41.46,-81.071
Middleport,NY,0,2,43.2117,-78.4757
Middleport,OH,1,0,38.9948,-82.0643
Middlesex,NC,3,4,35.7894,-78.2047
Middlesex,NJ,18,6,40.5744,-74.5011
Middleton,TN,5,1,35.0593,-88.8902
Middleton,WI,0,2,43.1064,-89.5059
Middletown,CT,30,10,41.5476,-72.6549
Middletown,DE,11,25,39.445,-75.7183
Middletown,IN,1,0,40.0595,-85.5423
Middletown,NY,73,15,41.4459,-74.4236
Middletown,OH,71,32,39.5033,-84.3659
Middletown,PA,19,43,40.201,-76.7289
Midland,MI,3,0,43.6241,-84.2319
Midland,NC,12,23,35.245,-80.5212
Midland,PA,3,0,40.6374,-80.4565
Midlothian,TX,1,1,32.4669,-96.989
Midlothian,VA,3,20,37.4856,-77.6522
Midway,FL,0,2,30.4169,-87.0229
Midway,GA,6,11,31.8003,-81.419
Midway,KY,5,0,38.1562,-84.676
Mifflinburg,PA,4,6,40.9202,-77.0465
Mifflintown,PA,28,4,40.5713,-77.3951
Milan,MI,0,6,42.0816,-83.6854
Milan,OH,0,4,41.2882,-82.5994
Milan,TN,3,0,35.9126,-88.7554
Milesburg,PA,1,1,40.9426,-77.792
Milford,DE,1,5,38.9091,-75.4227
Milford,IL,2,0,40.6278,-87.6963
Milford,IN,1,0,41.4143,-85.8446
Milford,NJ,2,14,40.5694,-75.0916
Milford,OH,0,7,39.1699,-84.2811
Milford,PA,6,13,41.3238,-74.8012
Milford Mill,MD,1,2,39.3444,-76.7668
Mill Creek,WV,1,0,38.7319,-79.9725
Mill Hall,PA,3,2,41.1045,-77.4888
Millbury,OH,0,1,41.5648,-83.4255
Milledgeville,GA,3,4,33.0874,-83.2414
Millen,GA,2,2,32.8071,-81.9423
Millersburg,IN,1,53,41.5277,-85.6964
Millersburg,OH,12,14,40.5533,-81.9171
Millersburg,PA,4,3,40.5422,-76.9554
Millerton,NY,2,0,41.9534,-73.5113
Millington,MD,1,0,39.2629,-75.836
Millington,TN,2,5,35.335,-89.8991
Mills River,NC,34,50,35.3853,-82.5854
Millsboro,DE,0,18,38.5892,-75.3089
Millsboro,PA,1,1,39.9902,-80.0023
Milltown,NJ,2,0,40.4504,-74.4351
Millville,NJ,42,35,39.3903,-75.0561
Millville,PA,0,2,41.1205,-76.5253
Millwood,NY,0,1,41.1947,-73.7964
Milner,GA,0,1,33.1176,-84.1931
Milroy,IN,0,1,39.4982,-85.4675
Milton,DE,7,6,38.775,-75.3102
Milton,FL,1,7,30.6286,-87.0522
Milton,NY,3,8,41.6571,-73.9661
Milton,PA,55,28,41.0088,-76.8507
Milton,WI,1,0,42.775,-88.9429
Milton,WV,1,0,38.433,-82.1303
Miltonsburg,OH,0,1,39.8313,-81.1646
Milwaukee,WI,13,6,43.0642,-87.9675
Mineral Ridge,OH,0,2,41.1385,-80.7672
Mineral Springs,PA,0,1,40.9981,-78.3636
Mineral Wells,TX,1,0,32.8169,-98.0776
Minersville,PA,0,4,40.6908,-76.2594
Minerva,OH,2,4,40.7306,-81.1023
Mingo Junction,OH,0,2,40.3244,-80.6173
Minneapolis,MN,21,8,44.9635,-93.2678
Minooka,IL,2,17,41.4507,-88.2791
Minster,OH,13,4,40.3947,-84.3789
Mint Hill,NC,10,8,35.1783,-80.6528
Miramar,FL,2,1,25.9773,-80.3351
Mishawaka,IN,13,4,41.6742,-86.1666
Mission,KS,0,1,39.027,-94.6568
Missouri City,TX,0,1,29.563,-95.5365
Mitchell,IN,4,0,38.7369,-86.4755
Moberly,MO,0,2,39.4179,-92.4364
Mobile,AL,8,12,30.6782,-88.1162
Mocksville,NC,134,102,35.9007,-80.5631
Modena,PA,2,0,39.9619,-75.8025
Modoc,IN,0,2,40.0455,-85.1262
Mogadore,OH,526,72,41.0523,-81.3994
Moline,IL,0,1,41.4821,-90.492
Momence,IL,0,1,41.164,-87.663
Monaca,PA,2,2,40.6833,-80.2736
Moncks Corner,SC,49,51,33.173,-80.0107
Moncure,NC,18,7,35.6239,-79.0769
Monee,IL,1,2,41.4181,-87.7502
Monessen,PA,0,34,40.1519,-79.8828
Moneta,VA,2,0,37.1886,-79.6133
Monetta,SC,0,3,33.8501,-81.61
Mongaup Valley,NY,1,3,41.676,-74.7831
Monmouth Beach,NJ,0,1,40.3364,-73.9863
Monmouth Junction,NJ,6,7,40.3754,-74.5582
Monon,IN,5,2,40.8642,-86.8787
Monona,WI,0,7,43.054,-89.3334
Monongahela,PA,17,0,40.1955,-79.9222
Monroe,GA,10,19,33.799,-83.7161
Monroe,LA,3,2,32.5185,-92.0774
Monroe,MI,24,4,41.9155,-83.3849
Monroe,NC,214,189,35.0063,-80.5596
Monroe,OH,31,40,39.4461,-84.3667
Monroe,WI,0,1,42.603,-89.6381
Monroeville,AL,1,0,31.5162,-87.3279
Monroeville,IN,2,3,40.9735,-84.8675
Monroeville,OH,9,0,41.244,-82.7018
Monroeville,PA,1,7,40.4262,-79.7605
Monrovia,MD,2,198,39.357,-77.2747
Monsey,NY,0,2,41.1181,-74.0682
Montague,MI,0,1,43.4128,-86.3636
Montandon,PA,0,2,40.9654,-76.8529
Monterey,TN,9,4,36.1447,-85.2643
Montezuma,GA,0,3,32.2997,-84.0246
Montgomery,AL,13,18,32.3482,-86.2668
Montgomery,IL,2,2,41.7237,-88.3633
Montgomery,IN,0,7,38.6655,-87.0493
Montgomery,MI,0,2,41.7775,-84.8064
Montgomery,MN,2,0,44.445,-93.5797
Montgomery,PA,7,11,41.171,-76.8738
Montgomery Village,MD,0,2,39.1788,-77.1954
Montgomeryville,PA,20,13,40.2502,-75.2405
Monticello,AR,3,1,33.6257,-91.7934
Monticello,FL,1,0,30.5423,-83.8722
Monticello,GA,6,1,33.2955,-83.686
Monticello,IN,15,4,40.7455,-86.7668
Monticello,KY,2,4,36.8412,-84.8502
Monticello,MN,0,1,45.2991,-93.7996
Monticello,MS,5,4,31.5525,-90.1145
Monticello,NY,0,2,41.6522,-74.6874
Montoursville,PA,3,8,41.2472,-76.9184
Montpelier,IN,0,1,40.5498,-85.287
Montpelier,OH,27,24,41.5817,-84.5968
Montpelier,VT,0,5,44.2659,-72.5717
Montrose,NY,0,1,41.2425,-73.9424
Montrose,PA,2,7,41.8335,-75.8761
Montross,VA,1,1,38.0941,-76.8229
Moody,AL,2,2,33.5986,-86.4963
Moonachie,NJ,15,29,40.8408,-74.059
Moore Haven,FL,1,0,26.8338,-81.0984
Moorefield,WV,9,25,39.0675,-78.9623
Mooresboro,NC,272,0,35.2992,-81.6986
Mooresburg,TN,2,0,36.3531,-83.2362
Mooresville,IN,22,9,39.6022,-86.3681
Mooresville,NC,1152,128,35.5847,-80.8266
Moorhead,MN,0,1,46.8673,-96.7461
Moosic,PA,1,0,41.3584,-75.7027
Moraine,OH,23,20,39.6983,-84.2458
Morehead,KY,1,17,38.1906,-83.4466
Morehead City,NC,52,12,34.7308,-76.7388
Morehouse,MO,9,0,36.8463,-89.6911
Morganfield,KY,1,6,37.6869,-87.8878
Morganton,NC,168,157,35.7408,-81.7002
Morgantown,KY,5,32,37.2174,-86.7001
Morgantown,PA,6,6,40.1538,-75.8884
Morgantown,WV,10,23,39.6383,-79.9464
Moro,AR,0,1,34.792,-90.988
Morrilton,AR,2,1,35.1558,-92.7387
Morris,IL,3,3,41.3749,-88.4304
Morris,MN,1,0,45.5857,-95.9046
Morris Plains,NJ,0,1,40.8356,-74.4786
Morrison,TN,8,19,35.6048,-85.9117
Morristown,IN,0,1,39.6738,-85.7052
Morristown,NJ,1,2,40.7967,-74.4772
Morristown,TN,58,55,36.2043,-83.3001
Morrisville,NC,37,61,35.8368,-78.8348
Morrisville,PA,12,9,40.2074,-74.78
Morrow,GA,8,8,33.5815,-84.3391
Morrow,OH,0,1,39.35,-84.123
Morton,IL,2,1,40.6135,-89.4669
Morton Grove,IL,1,1,42.0423,-87.789
Morven,NC,0,2,34.8643,-80.0
Moscow,TN,1,4,35.0611,-89.3893
Moscow Mills,MO,2,0,38.94,-90.9254
Moselle,MS,0,1,31.5087,-89.2824
Mosheim,TN,2,3,36.1955,-82.9655
Mosinee,WI,5,1,44.7874,-89.6839
Moulton,AL,2,0,34.4844,-87.2833
Moultrie,GA,8,8,31.1591,-83.7708
Mounds,IL,4,0,37.1145,-89.2023
Mounds View,MN,0,1,45.1071,-93.2076
Moundsville,WV,1,2,39.9221,-80.7422
Mount Airy,GA,1,0,34.5221,-83.4976
Mount Airy,MD,9,3,39.3742,-77.1534
Mount Airy,NC,50,64,36.5083,-80.6155
Mount Arlington,NJ,0,1,40.919,-74.639
Mount Bethel,PA,4,3,40.9048,-75.1116
Mount Carmel,PA,3,19,40.7959,-76.4119
Mount Carmel,TN,0,1,36.562,-82.6618
Mount Clemens,MI,0,1,42.5977,-82.8821
Mount Crawford,VA,5,39,38.3601,-78.9413
Mount Eaton,OH,11,2,40.6948,-81.7021
Mount Gilead,NC,11,1,35.2163,-80.005
Mount Holly,NC,25,42,35.3136,-81.0073
Mount Holly Springs,PA,5,0,40.1126,-77.1854
Mount Hope,WV,0,13,37.8976,-81.1737
Mount Jackson,VA,0,4,38.739,-78.651
Mount Jewett,PA,5,2,41.7246,-78.6443
Mount Joy,PA,19,39,40.1106,-76.5065
Mount Juliet,TN,12,6,36.199,-86.5115
Mount Kisco,NY,0,1,41.2016,-73.7281
Mount Morris,PA,1,1,39.7342,-80.0755
Mount Olive,IL,0,4,39.0726,-89.7277
Mount Olive,NC,68,25,35.1997,-78.0662
Mount Orab,OH,0,2,39.0293,-83.9267
Mount Pleasant,IA,0,1,40.9625,-91.5452
Mount Pleasant,MI,0,2,43.5966,-84.7759
Mount Pleasant,NC,0,2,35.3771,-80.4503
Mount Pleasant,PA,61,29,40.1509,-79.5434
Mount Pleasant,SC,2,7,32.8537,-79.8203
Mount Pleasant,TN,20,13,35.5483,-87.1872
Mount Pleasant,TX,1,0,33.1586,-94.9727
Mount Pleasant Mills,PA,0,1,40.7247,-77.02
Mount Pocono,PA,5,3,41.1225,-75.3582
Mount Prospect,IL,0,2,42.0641,-87.9375
Mount Pulaski,IL,1,0,40.0102,-89.2839
Mount Sterling,IL,0,1,39.9853,-90.7642
Mount Sterling,KY,14,17,38.0648,-83.9472
Mount Sterling,OH,3,35,39.7134,-83.2735
Mount Summit,IN,1,0,40.0035,-85.3861
Mount Union,PA,1,7,40.3846,-77.8822
Mount Vernon,GA,1,0,32.1834,-82.5959
Mount Vernon,IL,11,61,38.314,-88.9174
Mount Vernon,IN,42,13,37.9364,-87.8958
Mount Vernon,NY,1,8,40.9136,-73.8291
Mount Vernon,OH,12,7,40.3854,-82.4737
Mount Wolf,PA,2,5,40.0616,-76.7053
Mountain Brook,AL,0,1,33.4871,-86.74
Mountain City,TN,1,6,36.4696,-81.8049
Mountain Grove,MO,3,1,37.1341,-92.266
Mountain Home,AR,0,2,36.3351,-92.384
Mountain Home,NC,0,4,35.3708,-82.5021
Mountain Top,PA,56,27,41.1353,-75.9045
Mountainside,NJ,1,20,40.6811,-74.3601
Mountville,PA,0,19,40.0402,-76.4339
Moyock,NC,0,1,36.5165,-76.1728
Mullica Hill,NJ,0,2,39.727,-75.2194
Mulliken,MI,0,1,42.763,-84.8963
Mullins,SC,134,22,34.204,-79.2536
Muncie,IN,27,24,40.1989,-85.395
Muncy,PA,6,13,41.2021,-76.7854
Mundelein,IL,2,0,42.2693,-88.0102
Munfordville,KY,5,2,37.2795,-85.8982
Munroe Falls,OH,1,7,41.1386,-81.4344
Munster,IN,8,4,41.5468,-87.504
Murfreesboro,TN,15,36,35.849,-86.4121
Murphy,NC,0,15,35.0932,-84.028
Murray,KY,6,15,36.6146,-88.3207
Murrells Inlet,SC,1,7,33.556,-79.0594
Murrysville,PA,1,1,40.4456,-79.6554
Muscatine,IA,3,3,41.4195,-91.068
Muscle Shoals,AL,11,13,34.7432,-87.6343
Muscoda,WI,0,2,43.1872,-90.4333
Muskegon,MI,3,10,43.2281,-86.2562
Muskogee,OK,2,0,35.7432,-95.3567
Myerstown,PA,47,68,40.3722,-76.3055
Myrtle Beach,SC,24,121,33.7094,-78.8844
Mystic,CT,0,1,41.3562,-71.9546
NORTH CONWAY,NH,0,5,44.0415,-71.1224
NORTH MIAMI,FL,0,1,25.9008,-80.1686
Nacogdoches,TX,0,2,31.6134,-94.6528
Nanticoke,PA,5,27,41.2005,-76.0003
Nanuet,NY,0,5,41.0957,-74.0155
Naperville,IL,3,4,41.748,-88.1659
Naples,FL,0,3,26.1504,-81.7936
Napoleon,MI,0,1,42.1658,-84.2416
Napoleon,OH,31,7,41.3977,-84.1244
Nappanee,IN,4,3,41.4451,-85.994
Narrows,VA,1,8,37.3316,-80.8082
Nashport,OH,5,0,40.068,-82.1735
Nashua,NH,6,13,42.7491,-71.491
Nashville,AR,1,0,33.9418,-93.8516
Nashville,GA,2,3,31.2048,-83.2478
Nashville,IL,10,0,38.3541,-89.377
Nashville,NC,4,49,35.9693,-77.9554
Nashville,TN,132,133,36.1715,-86.7842
Natchez,MS,1,1,31.5437,-91.3867
Natrona Heights,PA,0,2,40.6234,-79.7298
Naugatuck,CT,12,9,41.489,-73.0518
Navarre,OH,4,3,40.7261,-81.5145
Navassa,NC,3,0,34.2831,-78.0291
Nazareth,PA,15,67,40.74,-75.3131
Nebo,NC,2,7,35.7106,-81.918
Neenah,WI,13,14,44.1669,-88.4767
Neeses,SC,0,1,33.5365,-81.1236
Nelsonia,VA,0,2,37.8224,-75.5896
Nelsonville,OH,1,0,39.4561,-82.2211
Neosho,MO,2,2,36.8437,-94.3758
Neptune City,NJ,2,2,40.2005,-74.0333
Nescopeck,PA,5,0,41.053,-76.2123
Nesquehoning,PA,5,4,40.866,-75.8322
Netcong,NJ,3,1,40.8985,-74.7019
Nevada,IA,0,1,42.0184,-93.4633
Nevada,MO,0,1,37.8445,-94.3492
New Albany,IN,11,4,38.309,-85.8234
New Albany,MS,2,4,34.4909,-89.0201
New Albany,OH,24,30,40.0809,-82.7848
New Albany,PA,0,1,41.6003,-76.4445
New Alexandria,PA,0,3,40.3945,-79.4175
New Augusta,MS,1,0,31.2036,-89.0272
New Baltimore,MI,3,1,42.6904,-82.7398
New Bedford,MA,13,48,41.6697,-70.9428
New Berlin,WI,0,1,42.9726,-88.1291
New Bern,NC,181,48,35.0955,-77.0723
New Bethlehem,PA,1,2,41.0044,-79.3283
New Bloomington,OH,0,1,40.5837,-83.3125
New Boston,OH,0,1,38.7516,-82.9351
New Boston,TX,0,1,33.4612,-94.4183
New Braunfels,TX,0,1,29.6994,-98.1148
New Brighton,MN,0,1,45.0658,-93.206
New Brighton,PA,1,0,40.7355,-80.309
New Britain,CT,2,0,41.6759,-72.7862
New Brockton,AL,0,3,31.3785,-85.9228
New Brunswick,NJ,21,18,40.487,-74.445
New Carlisle,IN,7,30,41.7018,-86.4916
New Castle,DE,101,108,39.6681,-75.5697
New Castle,IN,8,3,39.9191,-85.3697
New Castle,PA,39,15,40.9956,-80.3458
New Church,VA,7,0,37.9826,-75.5291
New Columbia,PA,13,18,41.0424,-76.8764
New Concord,OH,15,5,39.9937,-81.7381
New Cumberland,PA,0,8,40.2297,-76.8764
New Eagle,PA,5,4,40.2063,-79.9532
New Egypt,NJ,0,2,40.0645,-74.5284
New Era,MI,2,0,43.5595,-86.3477
New Florence,PA,0,1,40.379,-79.0751
New Freedom,PA,1,1,39.7353,-76.6967
New Galilee,PA,2,0,40.8335,-80.4011
New Haven,CT,7,3,41.3113,-72.9246
New Haven,IN,17,19,41.0676,-85.0174
New Haven,MI,1,1,42.7306,-82.7953
New Haven,MO,2,0,38.6048,-91.2179
New Haven,VT,0,1,44.1266,-73.151
New Holland,PA,25,43,40.1008,-76.09
New Hope,MN,2,0,45.0375,-93.3869
New Hope,TN,1,0,35.0044,-85.6598
New Hyde Park,NY,0,1,40.7323,-73.6858
New Iberia,LA,0,2,30.0049,-91.8202
New Johnsonville,TN,7,0,36.0163,-87.9696
New Kensington,PA,53,14,40.5712,-79.7523
New Kingstown,PA,1,0,40.2311,-77.0728
New Knoxville,OH,0,1,40.4947,-84.3151
New Lenox,IL,1,0,41.5095,-87.9703
New Lexington,OH,1,2,39.716,-82.208
New London,NC,58,71,35.4348,-80.2198
New London,WI,4,0,44.3949,-88.7395
New Madison,OH,1,0,39.9671,-84.7082
New Madrid,MO,4,0,36.5878,-89.5505
New Market,AL,1,0,34.8892,-86.4226
New Market,MD,0,3,39.3889,-77.2789
New Market,TN,1,0,36.1096,-83.5493
New Martinsville,WV,3,2,39.6635,-80.8569
New Orleans,LA,10,3,30.0687,-89.9288
New Oxford,PA,20,12,39.863,-77.0554
New Paris,IN,0,1,41.5005,-85.8249
New Paris,PA,0,1,40.1084,-78.643
New Pekin,IN,0,1,38.5029,-86.0152
New Philadelphia,OH,10,9,40.486,-81.4401
New Port Richey,FL,0,3,28.2468,-82.717
New Roads,LA,1,0,30.6959,-91.4537
New Rochelle,NY,0,2,40.9304,-73.7836
New Ross,IN,3,0,39.9646,-86.7142
New Salem,PA,4,1,39.9037,-76.7912
New Springfield,OH,0,65,40.9183,-80.6031
New Stanton,PA,0,6,40.2237,-79.6086
New Tazewell,TN,4,5,36.4381,-83.6053
New Troy,MI,0,1,41.879,-86.5475
New Vienna,OH,1,0,39.3255,-83.6941
New Washington,OH,2,4,40.9604,-82.8547
New Waterford,OH,1,0,40.8478,-80.6188
New Wilmington,PA,5,0,41.1174,-80.3322
New Windsor,MD,0,11,39.5443,-77.1012
New York,NY,3,5,40.6943,-73.9249
New York Mills,NY,0,5,43.1007,-75.2932
Newark,DE,68,187,39.6776,-75.7576
Newark,NJ,399,121,40.7245,-74.1725
Newark,NY,0,3,43.0418,-77.093
Newark,OH,13,4,40.0706,-82.425
Newaygo,MI,0,2,43.4162,-85.8031
Newbern,TN,1,1,36.1169,-89.2713
Newberry,SC,489,813,34.2813,-81.601
Newburgh,IN,3,28,37.9494,-87.4053
Newburyport,MA,7,4,42.8124,-70.8878
Newcomerstown,OH,2,5,40.2762,-81.5949
Newell,WV,3,2,40.6175,-80.5997
Newfield,NJ,0,2,39.5484,-75.0167
Newfoundland,NJ,0,1,41.0594,-74.4308
Newland,NC,1,1,36.088,-81.9274
Newmanstown,PA,0,1,40.3515,-76.2117
Newnan,GA,21,24,33.3767,-84.7761
Newport,AR,3,2,35.6234,-91.2322
Newport,DE,1,2,39.7135,-75.6046
Newport,KY,1,2,39.0856,-84.4868
Newport,MN,0,1,44.8743,-92.9975
Newport,NC,0,3,34.772,-76.8772
Newport,RI,0,1,41.4801,-71.3203
Newport,TN,33,12,35.9617,-83.1976
Newport,VT,0,16,44.9372,-72.209
Newport News,VA,151,115,37.1051,-76.5185
Newsoms,VA,1,1,36.6262,-77.1248
Newton,GA,1,0,31.3167,-84.3379
Newton,MS,0,1,32.3296,-89.1534
Newton,NC,122,160,35.663,-81.2335
Newton,NJ,0,2,41.0534,-74.7527
Newton Falls,OH,10,1,41.1889,-80.9711
Newton Grove,NC,3,0,35.2522,-78.3552
Newtown,OH,1,0,39.1243,-84.3517
Newville,PA,56,40,40.1702,-77.4016
Niagara Falls,NY,86,17,43.0921,-79.0147
Nicholasville,KY,14,12,37.8906,-84.5668
Niles,IL,2,0,42.0278,-87.8099
Niles,MI,4,0,41.8346,-86.2473
Niles,OH,2,14,41.1879,-80.7531
Ninety Six,SC,12,5,34.1696,-82.0239
Nitro,WV,19,19,38.4117,-81.8193
Noblesville,IN,4,4,40.0355,-86.0042
Norcross,GA,47,54,33.9379,-84.2065
Norfolk,NE,3,2,42.0324,-97.4217
Norfolk,VA,125,143,36.8945,-76.259
Norlina,NC,2,5,36.4451,-78.1952
Normal,IL,1,6,40.5217,-88.9884
Norman,AR,1,0,34.4584,-93.6791
Norman,OK,0,1,35.2335,-97.3471
Norristown,PA,0,6,40.1225,-75.3398
North,SC,1,0,33.6164,-81.103
North Adams,MA,0,2,42.6844,-73.1166
North Arlington,NJ,2,3,40.7874,-74.1273
North Augusta,SC,4,7,33.5214,-81.9547
North Aurora,IL,2,0,41.8086,-88.3414
North Baltimore,OH,0,3,41.1803,-83.6695
North Bend,OH,0,1,39.1505,-84.7405
North Bennington,VT,1,0,42.924,-73.2411
North Bethesda,MD,0,1,39.0393,-77.1191
North Branch,MN,1,0,45.5137,-92.9601
North Canton,OH,9,80,40.8742,-81.3971
North Charleroi,PA,0,1,40.15,-79.9084
North Charleston,SC,196,184,32.9067,-80.0722
North Chicago,IL,1,0,42.3172,-87.8595
North East,MD,18,32,39.6076,-75.9414
North Fond du Lac,WI,1,0,43.8107,-88.486
North Fort Myers,FL,0,2,26.7244,-81.8485
North Hills,WV,1,0,39.315,-81.5088
North Kansas City,MO,3,3,39.1396,-94.5641
North Lima,OH,3,5,40.9497,-80.6611
North Little Rock,AR,1,6,34.7807,-92.2371
North Manchester,IN,8,4,41.0044,-85.7751
North Miami Beach,FL,0,1,25.9302,-80.1659
North Myrtle Beach,SC,0,5,33.8232,-78.7082
North Olmsted,OH,1,2,41.4149,-81.919
North Plainfield,NJ,0,2,40.6209,-74.4386
North Randall,OH,3,2,41.4327,-81.5291
North Ridgeville,OH,4,1,41.3852,-82.0195
North Rose,NY,2,1,43.1872,-76.8863
North Royalton,OH,0,1,41.3138,-81.745
North Springfield,VA,0,1,38.8023,-77.2027
North Springfield,VT,0,1,43.3304,-72.5277
North Syracuse,NY,1,0,43.1339,-76.1304
North Tonawanda,NY,9,12,43.0457,-78.8659
North Troy,VT,0,1,44.9963,-72.4038
North Vernon,IN,3,11,39.0171,-85.6317
North Wales,PA,3,8,40.2111,-75.2745
North Walpole,NH,0,1,43.1467,-72.4458
North Wilkesboro,NC,15,16,36.1728,-81.139
Northampton,MA,7,4,42.3266,-72.6745
Northampton,PA,47,20,40.6866,-75.4904
Northfield,MN,0,1,44.455,-93.1698
Northfield,OH,0,3,41.3427,-81.5285
Northlake,IL,1,0,41.9142,-87.9054
Northlake,TX,3,1,33.0809,-97.2548
Northport,AL,2,0,33.2586,-87.5993
Northumberland,PA,66,5,40.8966,-76.7933
Northvale,NJ,1,1,41.0101,-73.9505
Northville,MI,0,1,42.4355,-83.489
Northwood,OH,6,4,41.6089,-83.4837
Norton,OH,1,5,41.0294,-81.6461
Norton,VA,7,1,36.9314,-82.6262
Norton Shores,MI,1,0,43.1621,-86.2519
Norwalk,CT,0,6,41.1144,-73.4215
Norwalk,OH,823,211,41.2443,-82.6088
Norwich,CT,1,6,41.5495,-72.0882
Norwich,NY,5,4,42.5333,-75.5227
Norwood,MO,0,1,37.1072,-92.4189
Norwood,NC,0,4,35.2337,-80.1147
Norwood,NJ,1,2,40.9933,-73.951
Nottingham,PA,1,4,39.7509,-76.0258
Novelty,MO,1,0,40.0125,-92.2073
Novi,MI,1,4,42.4786,-83.4893
Nunn,CO,1,0,40.7137,-104.7889
ONLEY,VA,0,4,37.6915,-75.718
Oak Brook,IL,0,6,41.8373,-87.9516
Oak Creek,WI,0,1,42.8803,-87.9009
Oak Grove,KY,0,3,36.6686,-87.4216
Oak Harbor,OH,1,6,41.5121,-83.1424
Oak Hill,OH,1,4,38.8973,-82.5694
Oak Hill,WV,0,3,37.9844,-81.1277
Oak Park,MI,2,2,42.4649,-83.1824
Oak Ridge,TN,1,1,35.9639,-84.2938
Oakboro,NC,14,13,35.2283,-80.3339
Oakdale,LA,1,0,30.8158,-92.6542
Oakdale,PA,5,9,40.4001,-80.1872
Oakfield,WI,1,0,43.6843,-88.5476
Oakhurst,NJ,0,1,40.2607,-74.0263
Oakland,KY,0,109,37.0467,-86.2506
Oakland,MD,10,5,39.4165,-79.4022
Oakland,NJ,0,2,41.0313,-74.2408
Oakland City,IN,0,1,38.3378,-87.3493
Oakland Park,FL,0,1,26.178,-80.1528
Oakmont,PA,4,8,40.52,-79.8365
Oaks,PA,33,3,40.1318,-75.4596
Oaktown,IN,0,1,38.8717,-87.4412
Oakwood,GA,6,9,34.2236,-83.8851
Oberlin,OH,7,3,41.286,-82.2198
Obetz,OH,5,10,39.8671,-82.9451
Ocala,FL,8,13,29.178,-82.1511
Ocean City,MD,0,3,38.3998,-75.0715
Ocean Isle Beach,NC,0,3,33.9011,-78.4393
Ochlocknee,GA,17,1,30.9751,-84.0517
Ocilla,GA,2,0,31.5987,-83.2498
Ocoee,FL,0,4,28.5796,-81.5332
Oconomowoc,WI,0,3,43.0996,-88.4948
Oconto Falls,WI,0,1,44.8738,-88.1444
Odenton,MD,99,8,39.0661,-76.6938
Odenville,AL,1,0,33.6978,-86.4228
Odessa,FL,0,2,28.1821,-82.553
Odin,IL,0,1,38.6159,-89.0541
Odon,IN,2,1,38.8423,-86.9894
Offutt AFB,NE,1,0,41.1207,-95.9209
Ogden,IA,1,0,42.0395,-94.0282
Ogdensburg,NY,4,7,44.7088,-75.4717
Ohiopyle,PA,0,1,39.8689,-79.4947
Oil City,PA,2,4,41.4281,-79.7036
Okeechobee,FL,0,2,27.2413,-80.8298
Oklahoma City,OK,2,5,35.4676,-97.5136
Okolona,MS,2,0,34.0053,-88.7479
Ola,AR,1,0,35.031,-93.2244
Olar,SC,6,0,33.1799,-81.1854
Olathe,KS,5,4,38.8833,-94.82
Old Forge,NY,0,1,43.706,-74.9722
Old Forge,PA,0,2,41.3704,-75.7409
Old Fort,NC,30,7,35.6305,-82.1777
Old Fort,OH,9,1,41.2419,-83.1514
Old Town,ME,0,4,44.9491,-68.7249
Oldenburg,IN,1,0,39.3389,-85.204
Oldsmar,FL,1,1,28.0506,-82.6698
Olean,NY,5,4,42.0819,-78.4321
Olive Branch,MS,39,9,34.961,-89.8469
Olive Hill,KY,0,3,38.3037,-83.1682
Ollie,IA,1,0,41.1992,-92.0924
Olmsted Falls,OH,1,0,41.3657,-81.9038
Olney,IL,2,2,38.7285,-88.0839
Olney,TX,1,0,33.3644,-98.7585
Olyphant,PA,22,7,41.4506,-75.5753
Omaha,AR,0,1,36.4583,-93.191
Omaha,NE,4,4,41.2627,-96.0529
Omega,GA,1,1,31.3389,-83.595
Onalaska,WI,1,0,43.8883,-91.2075
Oneida,NY,0,8,43.0769,-75.6622
Oneida,TN,0,3,36.5171,-84.5108
Oneonta,AL,0,1,33.9394,-86.4932
Oneonta,NY,1,10,42.4551,-75.0666
Onsted,MI,0,2,42.0061,-84.1893
Ontario,OH,1,2,40.771,-82.6104
Oolitic,IN,3,0,38.8935,-86.5254
Ooltewah,TN,1,1,35.0723,-85.0545
Opa-Locka,FL,3,0,25.8997,-80.2551
Opelika,AL,7,6,32.6612,-85.3769
Opelousas,LA,0,1,30.5252,-92.0816
Opp,AL,0,5,31.2848,-86.257
Oradell,NJ,0,2,40.9562,-74.0314
Orange,VA,3,7,38.2485,-78.1129
Orange Beach,AL,0,3,30.2942,-87.5849
Orange Park,FL,1,2,30.1706,-81.7041
Orangeburg,NY,13,18,41.0488,-73.9408
Orangeburg,SC,117,190,33.4928,-80.8671
Orchard,IA,0,1,43.2276,-92.776
Oregon,IL,1,1,42.0132,-89.3354
Oregon,OH,11,14,41.6524,-83.4321
Orestes,IN,7,2,40.271,-85.7247
Orient,OH,0,1,39.8056,-83.1528
Oriskany,NY,2,3,43.1568,-75.3335
Orland,IN,2,0,41.7305,-85.1722
Orlando,FL,55,40,28.4773,-81.337
Orleans,IN,1,2,38.6615,-86.4517
Ormond Beach,FL,0,1,29.2985,-81.1014
Oronoco,MN,1,0,44.1598,-92.5401
Orrick,MO,1,0,39.2133,-94.1254
Orrstown,PA,0,1,40.0588,-77.608
Orrville,OH,11,15,40.848,-81.7743
Ortonville,MI,0,1,42.851,-83.4427
Orwell,OH,2,0,41.5364,-80.8596
Orwigsburg,PA,10,5,40.6541,-76.104
Osage Beach,MO,0,1,38.1353,-92.6478
Osceola,AR,7,5,35.6942,-89.9934
Osceola Mills,PA,0,1,40.8525,-78.2699
Osgood,IN,2,2,39.1286,-85.2929
Oshkosh,WI,7,49,44.0227,-88.5619
Oskaloosa,IA,1,0,41.2922,-92.6404
Osseo,WI,0,1,44.5795,-91.212
Ostrander,OH,0,1,40.269,-83.2075
Oswego,IL,0,2,41.6834,-88.3372
Oswego,KS,1,0,37.1674,-95.1123
Oswego,NY,15,25,43.4516,-76.5005
Osyka,MS,0,1,31.0072,-90.4719
Otsego,MN,0,1,45.266,-93.6201
Ottawa,IL,1,0,41.3555,-88.8261
Ottawa,KS,0,1,38.5996,-95.2636
Ottawa,OH,2,3,41.0202,-84.0354
Ottumwa,IA,2,0,41.0195,-92.4186
Overland,MO,1,0,38.6966,-90.3689
Ovid,MI,1,0,43.0031,-84.3742
Owatonna,MN,2,3,44.0912,-93.2312
Owensboro,KY,77,42,37.7575,-87.1172
Owensville,MO,2,0,38.3491,-91.4974
Owenton,KY,2,0,38.5385,-84.8411
Owings Mills,MD,3,4,39.4115,-76.7913
Owingsville,KY,0,1,38.1364,-83.7604
Owosso,MI,9,10,42.9955,-84.176
Oxford,AL,3,5,33.5967,-85.8687
Oxford,MI,2,0,42.8218,-83.2563
Oxford,MS,3,1,34.3627,-89.5336
Oxford,NC,64,49,36.3155,-78.5848
Oxford,OH,6,0,39.5061,-84.7446
Oxford,PA,4,11,39.7858,-75.9801
Oxon Hill,MD,4,4,38.7884,-76.9727
Ozark,AL,4,1,31.4508,-85.6473
Ozark,MO,0,2,37.0365,-93.2158
Pacific,MO,1,1,38.4809,-90.754
Paducah,KY,22,35,37.0711,-88.644
Pageland,SC,25,111,34.772,-80.3897
Paincourtville,LA,0,1,29.9886,-91.0554
Painesville,OH,20,15,41.724,-81.2536
Painted Post,NY,3,3,42.1634,-77.0925
Paintsville,KY,0,1,37.8163,-82.8089
Palatine,IL,1,0,42.118,-88.043
Palatine Bridge,NY,0,1,42.9143,-74.5756
Palatka,FL,1,0,29.6493,-81.6705
Palisades Park,NJ,1,17,40.8472,-73.9966
Palm Coast,FL,0,1,29.5389,-81.2457
Palmerton,PA,2,1,40.8023,-75.616
Palmetto,FL,7,3,27.5251,-82.5749
Palmetto,GA,18,8,33.531,-84.6678
Palmyra,IN,2,1,38.4082,-86.1086
Palmyra,NJ,4,1,40.0025,-75.036
Palmyra,PA,4,10,40.3099,-76.5943
Palmyra,VA,0,1,37.8652,-78.2627
Pampa,TX,1,0,35.5479,-100.9651
Pana,IL,3,0,39.3829,-89.0642
Panama City,FL,60,10,30.1995,-85.6003
Panama City Beach,FL,0,3,30.237,-85.8776
Pandora,OH,2,13,40.9474,-83.9567
Pantego,NC,1,2,35.5874,-76.6594
Paoli,PA,4,1,40.042,-75.4912
Paragould,AR,5,1,36.0555,-90.5149
Paramus,NJ,0,1,40.9455,-74.0712
Parchment,MI,27,0,42.3277,-85.5667
Pardeesville,PA,0,1,41.0006,-75.968
Pardeeville,WI,1,0,43.5358,-89.301
Paris,IL,17,6,39.6148,-87.6903
Paris,KY,7,13,38.2016,-84.2718
Paris,TN,3,0,36.2933,-88.3065
Paris,TX,1,0,33.6688,-95.546
Park City,KS,0,1,37.8101,-97.3256
Park City,KY,1,0,37.0934,-86.0486
Park Falls,WI,1,0,45.9348,-90.4464
Park Hills,MO,0,1,37.8211,-90.505
Parker,PA,0,1,41.0907,-79.6846
Parkersburg,WV,31,15,39.2623,-81.542
Parkesburg,PA,16,10,39.9593,-75.9177
Parma,OH,1,7,41.3843,-81.7286
Parsippany,NJ,13,16,40.8645,-74.4135
Parsons,KS,0,1,37.3405,-95.2958
Parsons,TN,3,1,35.6513,-88.1231
Parsons,WV,49,8,39.0942,-79.6785
Pasadena,MD,3,5,39.1552,-76.5537
Pasadena,TX,4,1,29.6575,-95.1498
Pascagoula,MS,2,0,30.3666,-88.5506
Pass Christian,MS,3,1,30.327,-89.2436
Passaic,NJ,22,19,40.8574,-74.1282
Pataskala,OH,10,15,40.011,-82.7155
Patchogue,NY,0,1,40.7621,-73.0185
Paterson,NJ,20,51,40.9147,-74.1624
Patterson,GA,0,1,31.3853,-82.1373
Paulding,OH,0,1,41.1424,-84.5824
Pauline,SC,0,1,34.8321,-81.8693
Paulsboro,NJ,30,1,39.84,-75.2397
Paw Paw,MI,17,3,42.2148,-85.8919
Pawleys Island,SC,0,3,33.4269,-79.1246
Pawnee,OK,0,1,36.3484,-96.8025
Pawtucket,RI,6,10,41.8744,-71.3743
Payne,OH,2,0,41.0797,-84.7272
Peabody,MA,10,7,42.5335,-70.9725
Peachland,NC,3,0,34.9931,-80.266
Peachtree City,GA,3,7,33.3942,-84.571
Peachtree Corners,GA,0,1,33.967,-84.232
Pearisburg,VA,0,1,37.3289,-80.7275
Pearl,MS,0,2,32.273,-90.0918
Pearl River,LA,0,1,30.3688,-89.7495
Pearland,TX,0,1,29.5581,-95.3218
Pearson,GA,1,1,31.297,-82.8544
Pedricktown,NJ,7,14,39.7658,-75.4085
Peebles,OH,6,2,38.9463,-83.4094
Peekskill,NY,0,1,41.2884,-73.9227
Pekin,IL,6,1,40.5678,-89.6251
Pelham,AL,0,1,33.3114,-86.7573
Pelham,GA,0,3,31.1267,-84.1515
Pelham,TN,0,1,35.3342,-85.8703
Pelion,SC,2,11,33.775,-81.2502
Pell City,AL,8,2,33.561,-86.2669
Pelzer,SC,0,4,34.6433,-82.4588
Pembroke,GA,1,0,32.1455,-81.6185
Pembroke,KY,1,0,36.7752,-87.358
Pembroke,NC,0,9,34.6766,-79.1935
Pembroke Park,FL,1,0,25.9852,-80.1777
Pembroke Pines,FL,1,1,26.0128,-80.3382
Pen Argyl,PA,29,1,40.8676,-75.2534
Pendergrass,GA,84,278,34.1646,-83.6827
Pendleton,IN,5,4,40.0066,-85.7711
Pendleton,SC,14,14,34.6451,-82.7818
Penn Yan,NY,9,8,42.6609,-77.0535
Pennington,AL,1,1,32.201,-88.0378
Pennington,NJ,0,1,40.3262,-74.7908
Penns Grove,NJ,13,14,39.7275,-75.4691
Pennsburg,PA,1,0,40.3936,-75.4965
Pensacola,FL,1,7,30.4413,-87.1911
Peoria,AZ,0,2,33.7843,-112.2989
Peoria,IL,2,5,40.752,-89.6154
Peosta,IA,1,7,42.4477,-90.8448
Peotone,IL,1,0,41.3308,-87.7956
Perkasie,PA,2,0,40.372,-75.292
Perris,CA,2,0,33.7898,-117.2233
Perry,GA,8,0,32.472,-83.7283
Perry,OH,1,0,41.7636,-81.143
Perryman,MD,5,0,39.4632,-76.212
Perrysburg,OH,102,21,41.5377,-83.6413
Perrysville,OH,2,0,40.6584,-82.3144
Perryville,MD,10,36,39.5737,-76.0668
Perryville,MO,5,0,37.7263,-89.8759
Perth Amboy,NJ,24,50,40.5202,-74.2724
Peru,IL,10,3,41.3482,-89.1371
Peru,IN,0,9,40.7593,-86.0756
Petersburg,IN,1,2,38.4919,-87.281
Petersburg,MI,1,0,41.8993,-83.7136
Petersburg,PA,1,0,40.5727,-78.0506
Petersburg,VA,55,48,37.2043,-77.3913
Petersburg,WV,0,7,38.9958,-79.1277
Peterstown,WV,1,0,37.3991,-80.795
Petoskey,MI,7,68,45.3649,-84.9888
Petrolia,PA,4,0,41.0217,-79.7168
Pevely,MO,3,0,38.2867,-90.3988
Pewamo,MI,0,1,43.002,-84.8473
Pflugerville,TX,0,2,30.4515,-97.6018
Phelps,KY,0,1,37.509,-82.1605
Phenix City,AL,1,0,32.4585,-85.0253
Philadelphia,MS,1,1,32.7761,-89.1221
Philadelphia,PA,783,387,40.0077,-75.1339
Philippi,WV,2,6,39.1488,-80.0417
Phillipsburg,MO,0,1,37.5525,-92.7871
Phillipsburg,NJ,60,72,40.6894,-75.1821
Philmont,NY,2,0,42.2478,-73.6462
Phoenix,AZ,2,1,33.5722,-112.0892
Phoenix,IL,1,2,41.6118,-87.6308
Phoenix,NY,1,4,43.2316,-76.2961
Phoenixville,PA,86,19,40.1359,-75.5201
Picayune,MS,4,0,30.5322,-89.6724
Pickens,SC,1,2,34.8856,-82.7104
Piedmont,AL,0,1,33.9269,-85.6149
Piedmont,SC,60,138,34.7074,-82.4651
Pierceton,IN,4,0,41.1993,-85.7033
Piffard,NY,1,0,42.8319,-77.8584
Pigeon,MI,1,0,43.8295,-83.2702
Pigeon Forge,TN,0,3,35.7977,-83.5623
Piketon,OH,0,3,39.0649,-82.9986
Pikeville,KY,2,10,37.4806,-82.5262
Pikeville,NC,0,2,35.4972,-77.9877
Pilot Mountain,NC,22,5,36.3853,-80.4735
Pinconning,MI,1,0,43.8573,-83.9638
Pine Bluff,AR,13,2,34.2116,-92.0173
Pine Brook,NJ,6,3,40.8676,-74.3438
Pine Bush,NY,0,1,41.6093,-74.2966
Pine Grove,PA,6,61,40.5535,-76.386
Pine Hill,AL,3,2,31.9859,-87.5872
Pine Knot,KY,0,1,36.6648,-84.4395
Pine Level,NC,0,2,35.5029,-78.2492
Pinebluff,NC,3,0,35.1088,-79.4713
Pinehurst,NC,3,9,35.1922,-79.4684
Pinehurst,TX,0,1,30.1889,-95.7017
Pinellas Park,FL,1,0,27.8589,-82.7078
Pinetops,NC,4,2,35.7912,-77.6378
Pinetown,NC,1,0,35.6111,-76.8558
Pineville,LA,2,1,31.3414,-92.4096
Pineville,NC,1538,1381,35.0864,-80.8915
Pink Hill,NC,0,1,35.0562,-77.7436
Pinson,AL,0,1,33.7055,-86.6678
Pioneer,OH,4,11,41.6773,-84.5524
Pioneer Village,KY,1,0,38.0599,-85.68
Piperton,TN,1,2,35.0512,-89.6091
Piqua,OH,24,5,40.1506,-84.2441
Pitman,NJ,8,1,39.7335,-75.1306
Pittsboro,IN,8,2,39.8705,-86.4654
Pittsboro,NC,0,2,35.7255,-79.1713
Pittsburg,KS,1,0,37.4129,-94.6985
Pittsburgh,PA,81,162,40.4397,-79.9763
Pittsfield,MA,16,3,42.4517,-73.2605
Pittston,PA,202,323,41.3272,-75.7888
Pittsville,MD,0,4,38.3937,-75.4073
Plain,WI,0,1,43.2779,-90.0423
Plain City,OH,3,10,40.1066,-83.2686
Plainfield,IL,12,1,41.6207,-88.2253
Plainfield,IN,70,68,39.6954,-86.3716
Plainfield,NJ,5,3,40.6154,-74.4157
Plainview,MN,1,0,44.1648,-92.1697
Plainview,NY,1,0,40.7832,-73.4732
Plainville,GA,1,0,34.4053,-85.0312
Plainville,IN,0,1,38.8048,-87.1515
Plainwell,MI,2,1,42.4457,-85.6435
Plano,IL,0,4,41.6757,-88.5293
Plant City,FL,8,8,28.014,-82.1201
Plantersville,MS,1,1,34.2103,-88.6655
Plaquemine,LA,2,1,30.2833,-91.243
Platteville,WI,1,0,42.728,-90.4681
Plattsburgh,NY,57,27,44.6951,-73.4563
Pleasant Garden,NC,0,5,35.9595,-79.76
Pleasant Hill,IA,0,2,41.5867,-93.4953
Pleasant Hill,MO,1,0,38.8059,-94.2652
Pleasant Hill,NC,1,1,36.258,-80.8904
Pleasant Prairie,WI,3,1,42.5266,-87.8895
Pleasant Valley,MO,0,1,39.2171,-94.4811
Pleasanton,KS,1,0,38.179,-94.7053
Pleasantville,NJ,1,3,39.39,-74.5169
Plover,WI,3,1,44.4615,-89.5382
Plumerville,AR,1,0,35.16,-92.643
Plymouth,IN,20,29,41.3483,-86.3187
Plymouth,MI,12,3,42.3718,-83.468
Plymouth,MN,2,1,45.0225,-93.4617
Plymouth,NC,53,3,35.8588,-76.7487
Plymouth,WI,1,2,43.7447,-87.966
Plymouth Meeting,PA,0,5,40.1097,-75.2803
Poca,WV,2,22,38.4748,-81.8119
Pocasset,MA,0,1,41.6877,-70.6195
Pocomoke City,MD,4,28,38.0635,-75.5553
Point Pleasant,WV,0,15,38.853,-82.1303
Point of Rocks,MD,2,4,39.2782,-77.5291
Polkton,NC,0,1,35.0031,-80.1963
Pollocksville,NC,1,18,35.0056,-77.2211
Pompano Beach,FL,15,4,26.2428,-80.1312
Pompton Lakes,NJ,0,2,41.0024,-74.2859
Pompton Plains,NJ,1,11,40.9679,-74.3075
Pontiac,IL,2,2,40.8894,-88.6409
Pontiac,MI,2,2,42.6493,-83.2878
Pontoon Beach,IL,1,1,38.7208,-90.0609
Pontotoc,MS,1,4,34.2531,-89.0091
Pooler,GA,82,46,32.1043,-81.2569
Poplar Bluff,MO,2,7,36.7632,-90.4135
Port Allegany,PA,15,1,41.8148,-78.2769
Port Allen,LA,7,2,30.4456,-91.2098
Port Arthur,TX,0,2,29.8554,-93.9264
Port Barre,LA,4,0,30.5565,-91.9565
Port Byron,NY,0,1,43.0366,-76.6263
Port Carbon,PA,0,1,40.6969,-76.1666
Port Charlotte,FL,0,5,26.9918,-82.114
Port Chester,NY,3,12,41.0051,-73.668
Port Clinton,OH,1,1,41.5094,-82.9385
Port Deposit,MD,0,4,39.6111,-76.098
Port Huron,MI,2,3,42.9821,-82.4388
Port Jervis,NY,1,0,41.3783,-74.691
Port Leyden,NY,0,2,43.5838,-75.3412
Port Murray,NJ,12,10,40.7915,-74.924
Port Reading,NJ,13,3,40.5685,-74.2469
Port Trevorton,PA,2,2,40.6924,-76.894
Port Washington,NY,1,7,40.8268,-73.6765
Port Washington,WI,3,0,43.3846,-87.8855
Port Wentworth,GA,92,21,32.1951,-81.1991
Portage,IN,17,2,41.5856,-87.1797
Portage,MI,1,5,42.2,-85.5906
Portage,OH,0,1,41.3232,-83.6468
Portage,PA,4,0,40.3868,-78.6746
Portage,WI,1,0,43.5489,-89.4658
Portageville,MO,10,0,36.4295,-89.6993
Portales,NM,0,1,34.1754,-103.3565
Porter,IN,0,3,41.6257,-87.0801
Portland,IN,2,4,40.4376,-84.9833
Portland,ME,9,12,43.6773,-70.2715
Portland,MI,0,3,42.8697,-84.8991
Portland,PA,5,22,40.9216,-75.0985
Portland,TN,20,20,36.5921,-86.5239
Portsmouth,NH,0,4,43.058,-70.7826
Portsmouth,OH,20,3,38.7538,-82.9445
Portsmouth,VA,47,16,36.8468,-76.354
Poseyville,IN,4,1,38.1697,-87.7834
Potterville,MI,0,1,42.6299,-84.7433
Pottstown,PA,35,35,40.2508,-75.6445
Pottsville,PA,62,96,40.6798,-76.2091
Poughkeepsie,NY,10,38,41.695,-73.9211
Pounding Mill,VA,1,0,37.079,-81.7106
Powder Springs,GA,0,2,33.8659,-84.684
Powdersville,SC,4,0,34.7826,-82.4959
Powell,OH,1,0,40.1689,-83.0829
Powell,TN,3,1,36.0358,-84.0296
Powhatan,VA,0,4,37.5427,-77.9267
Prattville,AL,7,1,32.4597,-86.4573
Prescott,AR,1,0,33.8056,-93.3909
Presque Isle,ME,0,3,46.6868,-67.9874
Preston,MD,22,11,38.7112,-75.9087
Prestonsburg,KY,0,1,37.6819,-82.7661
Prichard,AL,1,0,30.7735,-88.1301
Prichard,WV,3,5,38.2362,-82.6028
Prince Frederick,MD,0,4,38.544,-76.5879
Prince George,VA,21,59,37.2209,-77.2683
Princess Anne,MD,0,2,38.2054,-75.697
Princeton,IL,0,2,41.3807,-89.464
Princeton,IN,5,2,38.3553,-87.5784
Princeton,KY,10,2,37.1068,-87.8853
Princeton,NC,1,0,35.4671,-78.1613
Princeton,WV,2,62,37.3689,-81.0961
Princeville,IL,1,0,40.9348,-89.7547
Prior Lake,MN,0,1,44.7246,-93.4419
Proctorville,OH,1,0,38.4375,-82.3818
Prosperity,SC,65,6,34.2121,-81.5329
Providence,KY,6,0,37.3993,-87.7509
Providence,RI,12,6,41.823,-71.4187
Puckett,MS,1,0,32.0872,-89.7819
Pueblo,CO,1,0,38.2701,-104.6114
Pulaski,NY,2,1,43.5653,-76.1268
Pulaski,PA,2,0,41.113,-80.4311
Pulaski,TN,5,13,35.1933,-87.035
Pulaski,VA,31,25,37.0528,-80.7624
Pulaski,WI,1,0,44.6684,-88.2351
Punxsutawney,PA,19,12,40.9438,-78.9767
Purcellville,VA,0,1,39.1378,-77.711
Purvis,MS,0,1,31.145,-89.4054
Pyote,TX,1,0,31.538,-103.1225
Quaker City,OH,0,2,39.9697,-81.2973
Quakertown,PA,13,31,40.4398,-75.3455
Quantico,MD,1,0,38.3755,-75.754
Quantico,VA,0,2,38.5224,-77.2902
Quarryville,PA,4,8,39.8957,-76.1617
Queen Anne,MD,3,0,38.9021,-76.6973
Queens,NY,0,4,40.7498,-73.7976
Queenstown,MD,17,5,38.9868,-76.1633
Quicksburg,VA,0,1,38.6932,-78.6789
Quincy,FL,2,1,30.5661,-84.5858
Quincy,IL,4,2,39.9336,-91.3799
Quincy,MA,0,1,42.2506,-71.0187
Quincy,MI,4,1,41.9424,-84.8826
Quitman,GA,4,2,30.7849,-83.5603
Quitman,MS,0,1,32.0417,-88.7202
Radcliff,KY,8,1,37.8204,-85.9365
Radford,VA,16,20,37.1229,-80.5587
Raeford,NC,3,43,34.9809,-79.2291
Rahway,NJ,10,6,40.6077,-74.2807
Rainbow City,AL,2,1,33.9336,-86.0922
Rainsville,AL,1,1,34.4938,-85.8436
Raleigh,NC,233,315,35.8324,-78.6429
Ramseur,NC,9,1,35.7371,-79.6543
Ramsey,IN,1,0,38.3237,-86.1547
Ramsey,NJ,1,0,41.0595,-74.1454
Randleman,NC,3,15,35.8165,-79.8066
Random Lake,WI,0,1,43.5541,-87.9548
Ranger,GA,0,1,34.5013,-84.7111
Ranson,WV,0,7,39.325,-77.8667
Rantoul,IL,2,1,40.3031,-88.1549
Ravena,NY,3,0,42.4755,-73.8112
Ravenel,SC,1,1,32.778,-80.2281
Ravenna,MI,1,30,43.1888,-85.9415
Ravenna,OH,4,5,41.1612,-81.2422
Ravenswood,WV,11,21,38.9561,-81.7619
Raytown,MO,0,1,38.9944,-94.4641
Rayville,LA,1,0,32.4707,-91.7576
Reading,OH,2,0,39.2242,-84.4333
Reading,PA,212,197,40.34,-75.9267
Rebersburg,PA,0,1,40.9427,-77.4441
Red Bay,AL,2,1,34.4357,-88.1361
Red Boiling Springs,TN,0,2,36.5301,-85.8481
Red Bud,IL,1,1,38.2096,-89.9989
Red Hill,PA,2,0,40.3771,-75.4838
Red Lion,PA,38,8,39.8986,-76.6078
Red Oak,IA,1,0,41.014,-95.225
Red Springs,NC,10,1,34.8046,-79.1822
Red Wing,MN,0,1,44.5817,-92.6036
Redgranite,WI,1,0,44.0513,-89.1059
Redwood,MS,3,0,32.4734,-90.7969
Redwood Falls,MN,0,1,44.547,-95.1031
Reedsburg,WI,2,0,43.5348,-89.9965
Reedsville,PA,4,3,40.6646,-77.593
Reedsville,WV,1,14,39.5103,-79.8005
Reese,MI,1,1,43.4528,-83.6893
Reform,AL,1,1,33.3788,-88.0173
Register,GA,0,3,32.3658,-81.8845
Rehoboth Beach,DE,1,1,38.7172,-75.0845
Reidsville,GA,1,0,32.0871,-82.1244
Reidsville,NC,78,251,36.3376,-79.6725
Reisterstown,MD,1,1,39.455,-76.814
Remington,IN,13,2,40.7667,-87.1391
Remington,VA,1,3,38.5346,-77.8083
Reno,OH,0,2,39.3769,-81.3933
Rensselaer,IN,4,3,40.9375,-87.1684
Rensselaer,NY,0,5,42.6465,-73.7328
Rensselaer Falls,NY,0,1,44.5909,-75.319
Resaca,GA,0,1,34.5789,-84.9439
Reserve,LA,1,0,30.0741,-90.5557
Reston,VA,1,0,38.9497,-77.3461
Reynolds,GA,0,2,32.5608,-84.0943
Reynolds,IN,2,0,40.7492,-86.8743
Reynoldsburg,OH,2,10,39.9588,-82.7943
Rhinelander,WI,1,1,45.6358,-89.4261
Rhome,TX,0,1,33.0646,-97.4779
Riceboro,GA,20,5,31.7264,-81.4438
Riceville,IA,0,2,43.362,-92.5538
Rich Creek,VA,0,3,37.3831,-80.8203
Richardson,TX,0,1,32.9716,-96.7093
Richburg,SC,73,51,34.7168,-81.0196
Richfield,NC,0,8,35.4716,-80.2586
Richfield,OH,1,3,41.2354,-81.6421
Richfield,WI,3,1,43.2372,-88.2413
Richfield Springs,NY,1,3,42.8536,-74.9862
Richland,MI,0,1,42.3762,-85.4553
Richland,MS,1,1,32.2309,-90.1591
Richland,PA,0,1,40.3574,-76.2569
Richmond,IL,0,1,42.4639,-88.3093
Richmond,IN,51,21,39.8318,-84.8905
Richmond,KY,17,27,37.7307,-84.2925
Richmond,OH,0,1,40.4327,-80.7718
Richmond,VA,261,378,37.5295,-77.4756
Richmond Hill,GA,1,6,31.9012,-81.3125
Richwood,WV,2,0,38.2221,-80.5363
Ridge Spring,SC,3,2,33.8453,-81.6617
Ridgefield,NJ,3,2,40.8313,-74.0147
Ridgefield Park,NJ,4,5,40.8543,-74.0201
Ridgeland,MS,0,1,32.4236,-90.1481
Ridgeland,SC,1,28,32.4681,-80.9178
Ridgeley,WV,6,1,39.6432,-78.7711
Ridgely,TN,5,47,36.2632,-89.4806
Ridgeville,SC,28,20,33.09,-80.3071
Ridgeville Corners,OH,2,0,41.4388,-84.2554
Ridgeway,SC,3,71,34.3066,-80.9601
Ridgeway,VA,437,34,36.5781,-79.8583
Ridgway,IL,4,0,37.7979,-88.2606
Ridgway,PA,4,13,41.427,-78.7297
Riegelwood,NC,8,0,34.3444,-78.2198
Rincon,GA,28,20,32.2947,-81.2353
Riner,VA,1,1,37.0676,-80.4405
Ringgold,GA,14,5,34.9136,-85.1215
Ringtown,PA,0,4,40.8565,-76.2352
Ringwood,NJ,0,1,41.1065,-74.2749
Rio Grande,NJ,0,1,39.0193,-74.8787
Ripley,MS,8,0,34.7321,-88.9444
Ripley,TN,1,2,35.7449,-89.5358
Ripley,WV,2,1,38.8201,-81.7091
Ripon,WI,3,0,43.8436,-88.8386
Ripplemead,VA,1,0,37.339,-80.6883
Rising Sun,IN,1,0,38.9531,-84.8544
Rising Sun,MD,1,1,39.7003,-76.0587
Risingsun,OH,3,0,41.2671,-83.4268
Rittman,OH,14,2,40.9736,-81.785
River Rouge,MI,4,0,42.2731,-83.1245
Riverdale,NJ,8,1,40.9921,-74.3125
Riverdale Park,MD,0,1,38.9643,-76.9266
Riverside,MO,3,1,39.1703,-94.6306
Riverton,IL,0,2,39.8456,-89.5363
Riverton,NJ,0,7,40.0115,-75.0148
Riverview,FL,1,1,27.8227,-82.3023
Riverview,MI,2,2,42.1723,-83.1946
Riviera Beach,FL,11,3,26.7813,-80.0741
Roanoke,IL,1,0,40.7968,-89.2023
Roanoke,IN,2,0,40.964,-85.3761
Roanoke,LA,1,0,30.2356,-92.7481
Roanoke,TX,2,1,33.0144,-97.2276
Roanoke,VA,254,199,37.2785,-79.9581
Roanoke Rapids,NC,5,7,36.4452,-77.649
Roaring Spring,PA,0,4,40.3348,-78.3958
Robards,KY,4,25,37.6766,-87.5333
Robbins,NC,9,1,35.4279,-79.5828
Robersonville,NC,4,14,35.8247,-77.2533
Roberts,WI,0,1,44.9733,-92.5505
Robertsdale,AL,0,1,30.5535,-87.7023
Robesonia,PA,8,23,40.3495,-76.1391
Robins Afb,GA,0,1,32.6092,-83.5846
Robinson,IL,0,1,39.0089,-87.7333
Rochelle,GA,1,0,31.9488,-83.4569
Rochelle,IL,7,0,41.9197,-89.0629
Rochester,IN,8,2,41.0591,-86.1959
Rochester,MN,1,0,44.0154,-92.478
Rochester,NH,3,2,43.299,-70.9787
Rochester,NY,59,171,43.168,-77.6162
Rochester,PA,2,0,40.7025,-80.2838
Rochester Hills,MI,4,1,42.6645,-83.1563
Rock Hill,SC,1480,685,34.9415,-81.0241
Rock Island,IL,2,1,41.4699,-90.5827
Rockford,IL,8,9,42.2596,-89.064
Rockford,MI,1,0,43.1267,-85.5582
Rockford,MN,1,0,45.092,-93.7453
Rockford,OH,5,0,40.6912,-84.6497
Rockford,TN,2,3,35.8328,-83.9358
Rockingham,NC,50,239,34.9386,-79.7608
Rockland,ME,0,4,44.1274,-69.1369
Rockledge,FL,1,0,28.3203,-80.736
Rockleigh,NJ,0,4,41.0026,-73.9327
Rockmart,GA,1,0,34.0103,-85.044
Rockville,IN,1,1,39.7666,-87.2295
Rockville,MD,14,6,39.0834,-77.1553
Rockwell,NC,3,5,35.5538,-80.407
Rockwood,MI,0,1,42.0705,-83.243
Rockwood,TN,2,2,35.8692,-84.6731
Rocky Mount,NC,47,88,35.9685,-77.804
Rocky Mount,VA,9,21,37.0045,-79.8854
Rocky Point,NC,2,1,34.4441,-77.8909
Rocky River,OH,2,0,41.4702,-81.8525
Roebling,NJ,1,0,40.1167,-74.7775
Roebuck,SC,13,4,34.8789,-81.9646
Rogers,AR,1,4,36.317,-94.1531
Rogers,MN,2,2,45.1865,-93.5783
Rogersville,AL,4,3,34.8251,-87.2821
Rogersville,TN,2,2,36.4081,-83.0043
Rolling Meadows,IL,0,1,42.0747,-88.0252
Rolling Prairie,IN,1,0,41.6743,-86.6207
Rome,GA,27,29,34.2662,-85.1863
Rome,NY,69,85,43.226,-75.4909
Romeo,MI,2,0,42.8049,-83.0041
Romeoville,IL,5,11,41.6318,-88.0997
Romney,WV,0,3,39.3454,-78.7564
Romulus,MI,8,14,42.2237,-83.366
Ronceverte,WV,16,0,37.7503,-80.4715
Ronda,NC,11,17,36.2217,-80.9431
Ronkonkoma,NY,1,1,40.8037,-73.1246
Ronks,PA,1,2,40.0267,-76.171
Roosevelt,UT,1,0,40.2924,-110.0093
Roscoe,IL,1,0,42.4256,-89.0084
Roscoe,PA,1,1,40.0782,-79.8642
Rose Hill,NC,0,12,34.8261,-78.0259
Roseau,MN,1,0,48.8445,-95.7625
Roseboro,NC,7,9,34.9551,-78.5137
Rosedale,IN,4,3,39.6225,-87.2817
Rosedale,MD,25,47,39.3266,-76.5084
Roseland,LA,2,0,30.7646,-90.5114
Roseland,NJ,1,3,40.8208,-74.3086
Roselle,IL,1,2,41.9809,-88.0861
Roselle,NJ,2,0,40.6527,-74.2599
Roselle Park,NJ,1,0,40.6653,-74.2666
Rosemount,MN,1,1,44.7466,-93.0661
Roseville,MI,5,1,42.5074,-82.9369
Roseville,MN,3,0,45.0155,-93.1545
Rosman,NC,1,1,35.1458,-82.82
Rossburg,OH,1,0,40.2801,-84.6383
Rossford,OH,0,1,41.5812,-83.5682
Rossville,GA,1,1,34.9747,-85.2898
Rossville,MD,0,2,39.3572,-76.4767
Rothschild,WI,1,1,44.8761,-89.6173
Rouses Point,NY,1,1,44.9933,-73.3633
Rowesville,SC,4,8,33.3722,-80.8362
Roxboro,NC,21,18,36.3879,-78.9812
Royersford,PA,0,3,40.1862,-75.5382
Royston,GA,1,3,34.2861,-83.1106
Ruckersville,VA,1,0,38.2314,-78.3756
Runnemede,NJ,0,1,39.8522,-75.074
Rural Hall,NC,51,15,36.2251,-80.2973
Rural Retreat,VA,13,4,36.901,-81.2765
Rural Valley,PA,0,3,40.7991,-79.3149
Rushville,IN,2,5,39.6171,-85.4463
Russell,KS,1,0,38.8874,-98.8514
Russell Springs,KY,0,1,37.051,-85.0774
Russellville,AL,3,0,34.5055,-87.7283
Russellville,AR,2,4,35.2762,-93.1383
Russellville,KY,22,85,36.8394,-86.895
Russia,OH,0,1,40.2341,-84.4076
Rustburg,VA,0,1,37.2712,-79.0962
Ruston,LA,1,0,32.5328,-92.6363
Rutherford,NJ,0,3,40.8203,-74.1057
Rutherfordton,NC,32,50,35.3642,-81.9613
Rutland,OH,1,0,39.0412,-82.1285
Rutland,VT,9,26,43.6092,-72.9783
Rye Brook,NY,0,1,41.0302,-73.6864
Ryland Heights,KY,0,1,38.9701,-84.4607
SOUTH PARIS,ME,1,3,44.219,-70.5113
SOUTH WINDHAM,CT,0,1,41.685,-72.1845
Sabillasville,MD,0,1,39.6994,-77.4573
Sabina,OH,0,1,39.4903,-83.6345
Saco,ME,0,6,43.539,-70.4624
Saginaw,MI,4,8,43.4199,-83.9501
Saginaw,TX,2,2,32.8657,-97.3654
Saint Anthony,IN,0,1,38.3145,-86.8267
Salamanca,NY,3,0,42.1631,-78.7233
Salem,IL,0,3,38.6279,-88.9591
Salem,MA,1,1,42.5129,-70.9021
Salem,MO,0,1,37.6399,-91.5345
Salem,NJ,28,21,39.5681,-75.4724
Salem,OH,4,6,40.9049,-80.8492
Salem,SC,13,3,34.8879,-82.9752
Salem,VA,31,65,37.2864,-80.0555
Salemburg,NC,1,3,35.0152,-78.5028
Salina,KS,0,3,38.8136,-97.6143
Saline,MI,3,2,42.174,-83.778
Salineville,OH,2,0,40.6207,-80.8345
Salisbury,MD,36,154,38.3756,-75.5865
Salisbury,NC,138,441,35.6658,-80.4905
Salley,SC,0,1,33.5671,-81.3038
Sallisaw,OK,1,0,35.4606,-94.8072
Salt Lake City,UT,0,1,40.7776,-111.9311
Saltillo,MS,3,4,34.379,-88.6938
Saltville,VA,31,1,36.8751,-81.7642
Saluda,NC,2,2,35.2375,-82.3469
Saluda,SC,6,3,34.0009,-81.7713
Saluda,VA,0,2,37.6053,-76.5938
Samson,AL,2,0,31.1124,-86.0462
San Antonio,TX,2,3,29.4632,-98.5238
San Saba,TX,1,0,31.1975,-98.7194
Sanborn,NY,1,0,43.1451,-78.8777
Sand Fork,WV,7,1,38.9154,-80.7477
Sand Springs,OK,2,0,36.1353,-96.1283
Sandersville,GA,28,3,32.9827,-82.8089
Sandston,VA,26,65,37.512,-77.3149
Sandusky,MI,4,0,43.4212,-82.8333
Sandusky,OH,3,9,41.4468,-82.7024
Sandy Hook,CT,0,1,41.4128,-73.244
Sanford,FL,5,0,28.7891,-81.2757
Sanford,ME,7,2,43.4244,-70.7573
Sanford,NC,92,145,35.4875,-79.177
Santa Teresa,NM,1,0,31.8701,-106.6714
Santee,SC,1,0,33.4801,-80.4852
Sapulpa,OK,3,0,36.0091,-96.1003
Saraland,AL,1,3,30.8479,-88.1004
Saranac Lake,NY,0,3,44.3252,-74.1309
Sarasota,FL,2,2,27.3387,-82.5432
Saratoga Springs,NY,22,29,43.0674,-73.7775
Sauget,IL,1,1,38.5842,-90.1608
Sauk City,WI,0,1,43.2722,-89.7312
Sauk Rapids,MN,3,0,45.5981,-94.1538
Sauk Village,IL,1,3,41.4906,-87.5706
Saukville,WI,1,0,43.3847,-87.9439
Savage,MD,1,6,39.1485,-76.8228
Savage,MN,0,1,44.7545,-93.3632
Savanna,IL,3,0,42.0904,-90.1395
Savannah,GA,163,126,32.0286,-81.1821
Savannah,TN,1,0,35.221,-88.236
Sawmills,NC,2,2,35.8165,-81.4781
Saxonburg,PA,4,17,40.7509,-79.815
Sayre,PA,1,6,41.9856,-76.5207
Sayreville,NJ,32,18,40.4656,-74.3237
Schaefferstown,PA,0,1,40.2968,-76.2939
Schaumburg,IL,2,3,42.0308,-88.0838
Schenectady,NY,94,46,42.8025,-73.9275
Schenley,PA,0,2,40.6845,-79.6617
Schererville,IN,1,0,41.4861,-87.4442
Schnecksville,PA,0,3,40.6699,-75.6115
Schofield,WI,0,1,44.9152,-89.6144
Schoolcraft,MI,0,1,42.117,-85.6337
Schuylerville,NY,0,2,43.1015,-73.5808
Schuylkill Haven,PA,3,4,40.6283,-76.1729
Schwenksville,PA,0,2,40.2574,-75.4662
Scio,OH,2,0,40.399,-81.0882
Scotia,NY,31,15,42.8321,-73.9607
Scotland Neck,NC,2,3,36.1308,-77.4214
Scott,LA,0,4,30.2398,-92.0948
Scott City,MO,2,0,37.2243,-89.536
Scottdale,PA,0,1,40.1034,-79.5898
Scottsboro,AL,14,7,34.6438,-86.0491
Scottsburg,IN,6,1,38.6853,-85.7831
Scottsville,KY,2,31,36.7544,-86.2053
Scottsville,NY,0,2,43.0221,-77.7555
Scottsville,TX,2,0,32.5317,-94.2464
Scranton,PA,53,71,41.4044,-75.6649
Scranton,SC,0,33,33.9174,-79.7441
Seaboard,NC,1,0,36.4907,-77.442
Seaford,DE,35,68,38.6538,-75.611
Seagrove,NC,3,2,35.5391,-79.78
Sealy,TX,0,1,29.7662,-96.163
Searcy,AR,0,5,35.2418,-91.7351
Seaside Heights,NJ,0,1,39.9452,-74.079
Sebewaing,MI,2,0,43.7318,-83.4497
Sebree,KY,3,1,37.604,-87.5187
Sebring,FL,1,2,27.477,-81.453
Sebring,OH,1,21,40.9207,-81.0231
Secaucus,NJ,56,25,40.781,-74.0659
Sedalia,MO,3,2,38.7059,-93.234
Seffner,FL,1,2,27.9981,-82.2735
Selbyville,DE,3,2,38.4629,-75.2117
Selinsgrove,PA,12,3,40.8003,-76.8646
Sellersburg,IN,11,32,38.4028,-85.7706
Sellersville,PA,1,0,40.36,-75.3083
Selma,AL,9,4,32.4166,-87.0336
Selma,IN,1,0,40.1889,-85.2753
Selma,NC,5,48,35.5406,-78.2932
Selma,TX,1,0,29.5866,-98.3132
Selmer,TN,3,2,35.1708,-88.5955
Senatobia,MS,4,0,34.6081,-89.9762
Seneca,SC,2,11,34.6818,-82.96
Senoia,GA,0,1,33.3082,-84.5546
Sergeant Bluff,IA,3,1,42.3978,-96.3517
Seven Springs,NC,3,0,35.2249,-77.8452
Seven Valleys,PA,1,0,39.8545,-76.7667
Severn,MD,24,18,39.1355,-76.6956
Severn,NC,29,0,36.5143,-77.1893
Severna Park,MD,0,1,39.087,-76.5687
Sevierville,TN,6,6,35.8872,-83.5678
Seville,OH,1,1,41.0207,-81.8671
Sewell,NJ,5,2,39.7696,-75.1443
Seymour,IN,22,20,38.9476,-85.8911
Shade Gap,PA,0,1,40.1803,-77.8662
Shady Dale,GA,0,1,33.4008,-83.588
Shadyside,OH,23,0,39.9716,-80.751
Shakopee,MN,14,0,44.7745,-93.4772
Shallotte,NC,0,5,33.9768,-78.3803
Shamokin,PA,0,2,40.7881,-76.555
Sharon,PA,1,0,41.234,-80.4998
Sharon Hill,PA,5,161,39.9075,-75.2679
Sharon Springs,NY,1,2,42.793,-74.6128
Sharonville,OH,14,8,39.2825,-84.4071
Sharpsville,PA,1,1,41.2595,-80.4813
Shawano,WI,2,0,44.7748,-88.5843
Shawnee,KS,1,0,39.0158,-94.8076
Shawnee,OK,2,0,35.3531,-96.9647
Shawneetown,IL,1,0,37.7157,-88.1866
Sheboygan,WI,4,6,43.7403,-87.7316
Sheboygan Falls,WI,5,1,43.729,-87.8266
Sheffield Lake,OH,2,0,41.4883,-82.0979
Shelby,IA,0,2,41.5067,-95.4506
Shelby,MI,0,6,43.6114,-86.3648
Shelby,NC,659,400,35.2904,-81.5451
Shelby,OH,12,95,40.8847,-82.6578
Shelbyville,IL,1,2,39.4097,-88.8005
Shelbyville,IN,20,22,39.5352,-85.7793
Shelbyville,KY,23,14,38.2067,-85.2292
Shelbyville,TN,22,21,35.4987,-86.4517
Shelly,MN,1,0,47.4584,-96.8197
Shelton,CT,13,3,41.306,-73.1383
Shenandoah,IA,0,1,40.7582,-95.372
Shepherd,TX,1,0,30.491,-95.0021
Shepherdsville,KY,313,48,37.9813,-85.7007
Sherrill,NY,2,20,43.0704,-75.5993
Shillington,PA,0,1,40.3029,-75.967
Shiloh,OH,1,1,39.8159,-84.2317
Shinglehouse,PA,1,1,41.9662,-78.1907
Shippensburg,PA,29,103,40.0484,-77.5227
Shippenville,PA,16,25,41.251,-79.4626
Shipshewana,IN,1,6,41.6743,-85.5765
Shiremanstown,PA,0,3,40.2224,-76.9555
Shively,KY,1,0,38.197,-85.8136
Shoals,IN,13,0,38.6669,-86.7938
Shoemakersville,PA,65,20,40.5004,-75.97
Shorewood,IL,0,1,41.5169,-88.2146
Shortsville,NY,1,1,42.9556,-77.2227
Shreve,OH,5,1,40.6813,-82.0217
Shreveport,LA,8,8,32.4653,-93.7955
Shrewsbury,NJ,0,1,40.3249,-74.06
Shrewsbury,PA,0,1,39.7714,-76.6799
Shrewsbury,WV,2,0,38.2079,-81.4671
Shuqualak,MS,1,0,32.9793,-88.5693
Sicklerville,NJ,0,2,39.7452,-74.9934
Sidman,PA,3,0,40.3235,-78.7523
Sidney,OH,38,25,40.2891,-84.1667
Sikeston,MO,26,129,36.8854,-89.5877
Siler City,NC,8,3,35.7251,-79.456
Siloam Springs,AR,1,5,36.1844,-94.5315
Silsbee,TX,0,1,30.3456,-94.1764
Silver Grove,KY,11,7,39.0404,-84.3995
Silver Spring,MD,1,6,39.0028,-77.0207
Silver Springs,NY,23,0,42.6605,-78.0855
Simpsonville,KY,2,2,38.2167,-85.3515
Simpsonville,SC,98,38,34.7287,-82.2569
Sims,NC,0,1,35.7596,-78.0598
Simsboro,LA,1,0,32.5323,-92.7839
Sinking Spring,PA,3,1,40.3242,-76.0235
Sinton,TX,1,2,28.0392,-97.5153
Sioux City,IA,3,1,42.4959,-96.3901
Sioux Falls,SD,3,2,43.5396,-96.7311
Sistersville,WV,0,3,39.5597,-80.9988
Slater-Marietta,SC,0,1,35.0348,-82.4926
Slidell,LA,0,1,30.2887,-89.7828
Slippery Rock,PA,3,0,41.0695,-80.058
Smithfield,NC,33,79,35.5133,-78.3495
Smithfield,PA,10,38,39.8021,-79.8089
Smithfield,VA,2,4,36.9755,-76.6152
Smiths Grove,KY,0,1,37.0503,-86.2083
Smiths Station,AL,0,1,32.528,-85.0943
Smithsburg,MD,1,0,39.6559,-77.575
Smithton,PA,3,7,40.1538,-79.7424
Smithville,OH,1,0,40.8625,-81.8604
Smithville,TN,5,3,35.9584,-85.8211
Smyrna,DE,1,130,39.2935,-75.6083
Smyrna,GA,3,8,33.8633,-84.5168
Smyrna,TN,27,37,35.9687,-86.5264
Sneads Ferry,NC,0,1,34.5564,-77.3824
Snow Hill,MD,1,4,38.1729,-75.3903
Snow Hill,NC,1,10,35.4506,-77.6769
Social Circle,GA,10,19,33.6505,-83.7116
Socorro,TX,1,0,31.6383,-106.2601
Solon,OH,82,44,41.3865,-81.44
Solvay,NY,2,0,43.0571,-76.2123
Somers Point,NJ,0,3,39.3167,-74.6066
Somerset,KY,23,30,37.0834,-84.6109
Somerset,NJ,96,17,40.5083,-74.501
Somerset,PA,22,13,40.0049,-79.0778
Somersworth,NH,0,5,43.2534,-70.8856
Somerville,MA,0,1,42.3908,-71.1014
Somerville,NJ,6,4,40.5696,-74.6092
Somerville,TN,1,1,35.2352,-89.3869
Sophia,WV,2,0,37.7117,-81.2525
Souderton,PA,5,41,40.311,-75.3224
South Amboy,NJ,2,0,40.4852,-74.2831
South Bay,FL,8,0,26.677,-80.7265
South Bend,IN,54,65,41.6767,-86.2696
South Boston,VA,17,49,36.7132,-78.9135
South Burlington,VT,5,6,44.4622,-73.2202
South Charleston,OH,1,0,39.8243,-83.6417
South Charleston,WV,18,24,38.3426,-81.7155
South Deerfield,MA,3,0,42.4795,-72.5947
South Euclid,OH,1,0,41.524,-81.5245
South Glens Falls,NY,0,2,43.2951,-73.6351
South Haven,MI,2,1,42.4011,-86.2677
South Hill,VA,10,17,36.7254,-78.1287
South Holland,IL,0,1,41.5977,-87.6022
South Lyon,MI,3,2,42.4614,-83.6526
South Mills,NC,2,0,36.4379,-76.3308
South Milwaukee,WI,3,0,42.912,-87.8627
South Pittsburg,TN,6,7,35.0111,-85.7183
South Plainfield,NJ,37,39,40.5748,-74.4152
South Point,OH,12,5,38.4214,-82.5784
South Portland,ME,0,15,43.631,-70.2895
South Riding,VA,0,12,38.912,-77.5132
South River,NJ,5,6,40.4455,-74.3783
South Shore,KY,5,0,38.7224,-82.9647
South Williamson,KY,0,4,37.6633,-82.2879
South Yarmouth,MA,0,8,41.6692,-70.2005
South Zanesville,OH,3,0,39.9036,-82.0179
Southaven,MS,21,11,34.9514,-89.9786
Southern Pines,NC,1,4,35.1927,-79.4039
Southfield,MI,3,4,42.4765,-83.2605
Southport,NC,30,1,33.9411,-78.0205
Sparta,IL,0,1,38.1513,-89.7185
Sparta,KY,1,0,38.6969,-84.9074
Sparta,MI,12,0,43.1571,-85.7106
Sparta,NC,5,84,36.5034,-81.1217
Sparta,TN,15,38,35.9347,-85.4726
Sparta,WI,0,1,43.9377,-90.8131
Spartanburg,SC,449,291,34.9442,-81.9251
Spartansburg,PA,0,3,41.8241,-79.6829
Spencer,IA,0,2,43.1468,-95.1534
Spencer,IN,1,0,39.2862,-86.7725
Spencer,OH,2,1,41.0991,-82.1231
Spencer,TN,0,3,35.7393,-85.456
Spencer,WV,3,2,38.8024,-81.3531
Spencerville,IN,1,0,41.2831,-84.9219
Spencerville,OH,2,0,40.7079,-84.3526
Spiceland,IN,1,0,39.8433,-85.426
Spindale,NC,3,10,35.3597,-81.9232
Spiro,OK,0,2,35.241,-94.6237
Spotswood,NJ,1,6,40.3949,-74.392
Spring,TX,0,1,30.0613,-95.383
Spring City,PA,0,4,40.1768,-75.5466
Spring City,TN,9,3,35.6881,-84.8622
Spring Green,WI,0,1,43.1776,-90.0688
Spring Grove,PA,4,5,39.8808,-76.8641
Spring Hill,KS,2,0,38.7565,-94.8201
Spring Hill,TN,4,25,35.7437,-86.9116
Spring Hope,NC,0,2,35.9441,-78.109
Spring Lake,MI,7,0,43.0733,-86.1944
Spring Lake,NC,0,1,35.1843,-78.9962
Spring Valley,NY,3,2,41.1151,-74.0486
Springboro,OH,2,9,39.5615,-84.2348
Springdale,AR,5,3,36.1901,-94.1574
Springdale,OH,2,6,39.2909,-84.476
Springdale,PA,1,2,40.5409,-79.7819
Springfield,GA,0,1,32.3636,-81.303
Springfield,IL,3,3,39.7709,-89.654
Springfield,KY,4,2,37.6922,-85.2193
Springfield,LA,0,1,30.4255,-90.5444
Springfield,MA,10,37,42.1155,-72.5395
Springfield,MO,10,13,37.1943,-93.2916
Springfield,NJ,0,3,40.706,-74.313
Springfield,OH,20,27,39.93,-83.7959
Springfield,TN,27,25,36.4949,-86.8711
Springfield,VA,6,27,38.781,-77.1839
Springhill,LA,0,1,33.0019,-93.4613
Spruce Pine,AL,0,18,34.3928,-87.7294
Spruce Pine,NC,21,4,35.9104,-82.0731
St. Augustine,FL,1,3,29.8976,-81.31
St. Charles,IL,0,5,41.9193,-88.3109
St. Clair Shores,MI,0,7,42.4925,-82.8961
St. Cloud,FL,0,2,28.2363,-81.2779
St. Joseph,MI,0,1,42.0968,-86.4849
St. Louis,MO,50,16,38.6359,-90.2451
St. Peters,MO,4,1,38.7825,-90.6061
St. Petersburg,FL,3,3,27.7931,-82.6652
Stafford,KS,1,0,37.9624,-98.5995
Stafford,TX,1,1,29.6271,-95.5654
Stafford Springs,CT,0,1,41.9595,-72.3105
Staley,NC,6,6,35.7979,-79.5518
Stallings,NC,0,3,35.1088,-80.6598
Stamford,CT,3,3,41.1039,-73.5585
Standish,MI,0,2,43.9794,-83.9637
Stanfield,NC,0,57,35.2337,-80.4303
Stanford,KY,2,0,37.5331,-84.6602
Stanhope,NJ,2,3,40.9141,-74.7027
Stanley,NC,79,11,35.3552,-81.0938
Stanleytown,VA,3,0,36.7514,-79.9524
Stanton,TN,0,1,35.4613,-89.4012
Stantonsburg,NC,5,2,35.6053,-77.8198
Stanwood,MI,20,0,43.5805,-85.4481
Star,NC,20,0,35.3992,-79.7832
Starke,FL,0,1,29.9474,-82.1129
Starkville,MS,0,2,33.4608,-88.8297
Starr,SC,0,4,34.3774,-82.6954
State College,PA,1,16,40.7909,-77.8567
Staten Island,NY,18,8,40.5834,-74.1496
Statesboro,GA,6,16,32.4375,-81.7751
Statesville,NC,206,939,35.7842,-80.8713
Staunton,VA,15,21,38.1593,-79.0611
Ste. Genevieve,MO,1,0,37.9755,-90.0477
Stearns,KY,2,0,36.6957,-84.4768
Steele,AL,0,1,33.937,-86.2004
Steele,MO,1,0,36.0903,-89.8402
Steeleville,IL,2,0,38.0086,-89.6624
Steelton,PA,1,0,40.2258,-76.8253
Steger,IL,0,6,41.4723,-87.6176
Stephenville,TX,0,1,32.2147,-98.2205
Sterling,IL,2,4,41.7996,-89.6956
Sterling,KS,1,0,38.2094,-98.2064
Sterling,VA,53,71,39.0052,-77.405
Sterling Heights,MI,6,16,42.5809,-83.0305
Sterrett,AL,0,2,33.449,-86.4645
Steubenville,OH,2,0,40.3653,-80.6519
Stevenson,AL,6,2,34.8487,-85.8437
Stevensville,MD,0,2,38.9745,-76.3184
Stevensville,MI,2,0,42.0139,-86.5243
Stewart,MN,0,1,44.7236,-94.4869
Stillmore,GA,7,0,32.441,-82.2145
Stockbridge,GA,5,1,33.5254,-84.2295
Stockertown,PA,1,1,40.7547,-75.2627
Stokesdale,NC,15,15,36.2318,-79.9834
Stone Mountain,GA,28,11,33.8035,-84.1723
Stoneboro,PA,0,2,41.3336,-80.112
Stonecrest,GA,0,3,33.6842,-84.1372
Stoneville,NC,2,8,36.4653,-79.9064
Stony Creek,VA,0,1,36.948,-77.4001
Stony Point,NC,0,4,35.8669,-81.047
Stow,OH,14,26,41.1765,-81.4344
Strafford,MO,1,0,37.2689,-93.1183
Strasburg,OH,7,19,40.6004,-81.5293
Strasburg,VA,2,3,38.9961,-78.3549
Strattanville,PA,0,1,41.2025,-79.3269
Streetsboro,OH,32,10,41.2396,-81.3456
Strongsville,OH,12,33,41.3128,-81.8313
Stroudsburg,PA,4,1,40.9838,-75.1972
Strykersville,NY,0,1,42.7063,-78.444
Stuart,FL,0,1,27.1959,-80.2444
Stuart,VA,5,0,36.6404,-80.2687
Stuarts Draft,VA,1,29,38.0188,-79.0354
Sturgeon Bay,WI,0,1,44.8228,-87.366
Sturgis,MI,5,6,41.7991,-85.4184
Stuttgart,AR,8,2,34.4952,-91.5487
Sublette,IL,1,0,41.6438,-89.231
Succasunna,NJ,0,1,40.853,-74.6568
Sudlersville,MD,0,4,39.1833,-75.8535
Suffern,NY,1,12,41.1138,-74.1422
Suffolk,VA,284,127,36.6953,-76.6398
Sugar Grove,PA,1,0,41.9837,-79.3395
Sugar Hill,GA,1,0,34.108,-84.0558
Sugar Land,TX,1,0,29.5935,-95.6358
Sugar Notch,PA,4,10,41.1939,-75.9312
Sugarcreek,OH,8,6,40.5076,-81.6409
Suitland,MD,0,1,38.8492,-76.9225
Sullivan,IL,1,1,39.5951,-88.6084
Sullivan,MO,2,1,38.2129,-91.1637
Sulphur,LA,1,1,30.2286,-93.3566
Summer Shade,KY,4,3,36.8837,-85.7098
Summerfield,NC,2,0,36.1973,-79.8997
Summersville,WV,0,51,38.2864,-80.8409
Summertown,TN,0,2,35.4344,-87.3084
Summerville,GA,0,8,34.4788,-85.3491
Summerville,PA,2,1,41.1163,-79.188
Summerville,SC,151,120,33.0016,-80.1799
Summit,MS,0,1,31.2808,-90.467
Summit,NJ,0,1,40.7154,-74.3647
Sumner,GA,1,0,31.5103,-83.7369
Sumter,SC,150,89,33.9392,-80.393
Sun Prairie,WI,0,2,43.1825,-89.2362
Sunbright,TN,0,1,36.2428,-84.6798
Sunbury,OH,0,4,40.2485,-82.8806
Sunbury,PA,11,3,40.8616,-76.7871
Sunfield,MI,10,0,42.7612,-84.9952
Sunnyvale,TX,2,0,32.7974,-96.5577
Superior,WI,1,0,46.6941,-92.0823
Surf City,NC,0,1,34.4346,-77.5644
Surfside Beach,SC,0,2,33.6093,-78.9772
Surgoinsville,TN,12,6,36.4745,-82.8593
Suring,WI,0,1,45.0007,-88.3692
Surrency,GA,1,0,31.7215,-82.1988
Sussex,WI,0,4,43.1346,-88.2226
Sutton,WV,1,0,38.6663,-80.7116
Suwanee,GA,16,20,34.0508,-84.0686
Swainsboro,GA,13,3,32.5866,-82.3345
Swan Quarter,NC,0,1,35.4109,-76.325
Swannanoa,NC,6,8,35.6009,-82.3917
Swansboro,NC,0,2,34.6957,-77.1367
Swansea,SC,2,1,33.7397,-81.1052
Swanton,MD,0,1,39.4598,-79.2328
Swanton,OH,1,5,41.5839,-83.888
Swayzee,IN,1,0,40.5066,-85.8244
Swedesboro,NJ,59,109,39.7459,-75.3117
Sweetwater,TN,5,8,35.6029,-84.4716
Sweetwater,TX,1,0,32.4692,-100.4092
Swepsonville,NC,1,0,36.0285,-79.3549
Sycamore,GA,7,1,31.6711,-83.6352
Sykesville,MD,5,5,39.3716,-76.9716
Sykesville,PA,0,1,41.0475,-78.8185
Sylacauga,AL,19,2,33.178,-86.2605
Sylva,NC,39,5,35.3754,-83.2185
Sylvania,GA,4,5,32.7466,-81.6409
Sylvania,OH,0,3,41.71,-83.7092
Sylvester,GA,3,2,31.53,-83.8338
Syosset,NY,0,2,40.8157,-73.502
Syracuse,IN,9,1,41.4226,-85.7492
Syracuse,NY,48,86,43.0407,-76.1437
Tabor City,NC,9,16,34.1538,-78.8737
Takoma Park,MD,0,2,38.981,-77.0028
Talbotton,GA,0,1,32.6773,-84.5406
Talking Rock,GA,4,0,34.5239,-84.4895
Talladega,AL,4,2,33.4333,-86.0986
Tallahassee,FL,0,3,30.4551,-84.2527
Tallapoosa,GA,2,8,33.7335,-85.2859
Tallmadge,OH,13,5,41.1023,-81.4216
Tallulah,LA,1,0,32.4068,-91.1916
Talmo,GA,4,0,34.1831,-83.721
Tamaqua,PA,9,53,40.8033,-75.9344
Tamms,IL,13,0,37.2416,-89.2713
Tampa,FL,72,64,27.9945,-82.4447
Taneytown,MD,9,2,39.6569,-77.1683
Tappahannock,VA,11,2,37.9187,-76.8667
Tar Heel,NC,0,5,34.734,-78.791
Tarboro,NC,64,46,35.9046,-77.5563
Tarentum,PA,0,2,40.6043,-79.7602
Tarrant,AL,0,1,33.5945,-86.7685
Tarrytown,NY,1,0,41.0647,-73.8672
Tatamy,PA,3,0,40.7409,-75.256
Tatum,SC,9,1,34.6438,-79.5867
Taunton,MA,21,25,41.9036,-71.0943
Taylor,MI,11,10,42.226,-83.2688
Taylor,PA,47,63,41.3958,-75.7147
Taylor Mill,KY,1,1,39.0092,-84.4988
Taylors,SC,39,39,34.9157,-82.3124
Taylorsville,MS,2,0,31.8322,-89.4342
Taylorsville,NC,23,17,35.9175,-81.1754
Taylorville,IL,2,0,39.5328,-89.2804
Tazewell,TN,1,3,36.4625,-83.5669
Tea,SD,0,1,43.4564,-96.8257
Teays Valley,WV,1,0,38.4482,-81.9246
Telford,PA,0,4,40.3259,-75.3274
Telford,TN,6,1,36.2534,-82.5478
Tell City,IN,1,1,37.9529,-86.7595
Temperance,MI,3,2,41.7653,-83.5755
Temperanceville,VA,0,3,37.8991,-75.5526
Temple,GA,3,1,33.7342,-85.0289
Temple,PA,0,2,40.4084,-75.9225
Temple,TX,2,0,31.1068,-97.3891
Temple Hills,MD,1,2,38.8106,-76.9495
Tennille,GA,7,1,32.9359,-82.8134
Tequesta,FL,0,16,26.9618,-80.1011
Terra Alta,WV,1,0,39.4442,-79.5435
Terre Haute,IN,51,30,39.466,-87.3751
Teterboro,NJ,3,18,40.858,-74.0594
Teutopolis,IL,0,2,39.132,-88.4795
Texarkana,AR,2,0,33.436,-93.9959
Texarkana,TX,1,1,33.45,-94.0847
The Rock,GA,1,4,32.9635,-84.2378
Theodore,AL,1,3,30.5408,-88.1885
Thief River Falls,MN,1,0,48.1108,-96.1778
Thomaston,GA,3,5,32.8907,-84.3272
Thomasville,AL,3,0,31.911,-87.7419
Thomasville,GA,3,10,30.8394,-83.9782
Thomasville,NC,69,67,35.8813,-80.0807
Thompsontown,PA,0,1,40.5658,-77.2361
Thomson,GA,3,8,33.4679,-82.4968
Thorndale,PA,0,1,39.9991,-75.7517
Thornton,IL,1,0,41.5711,-87.6187
Thornville,OH,0,1,39.8944,-82.4203
Thorofare,NJ,3,4,39.8515,-75.1988
Three Rivers,MI,2,1,41.947,-85.6281
Throop,PA,0,11,41.4382,-75.5927
Thurmont,MD,4,13,39.621,-77.4076
Tiffin,IA,1,0,41.7064,-91.6583
Tiffin,OH,12,62,41.1165,-83.1805
Tifton,GA,14,32,31.4624,-83.5203
Tiger,GA,1,0,34.8458,-83.433
Timberville,VA,0,1,38.6335,-78.7731
Timmonsville,SC,4,21,34.1334,-79.9408
Timonium,MD,0,2,39.4459,-76.6032
Tinton Falls,NJ,21,8,40.2708,-74.0949
Tipp City,OH,9,33,39.9644,-84.1866
Tippecanoe,IN,1,0,41.2089,-86.115
Tipton,IN,15,2,40.282,-86.0423
Tipton,PA,8,3,40.6374,-78.2948
Titusville,PA,6,6,41.6273,-79.6699
Tobaccoville,NC,0,1,36.2257,-80.359
Toccoa,GA,1,4,34.581,-83.3263
Toledo,IA,1,0,41.9902,-92.5803
Toledo,OH,59,76,41.6638,-83.5827
Tolleson,AZ,1,0,33.4484,-112.256
Toluca,IL,0,1,41.0044,-89.1339
Tomah,WI,0,4,43.9879,-90.4999
Tomahawk,WI,3,0,45.4746,-89.7228
Tompkinsville,KY,1,1,36.7012,-85.6927
Toms Brook,VA,2,2,38.9465,-78.44
Tonawanda,NY,11,113,43.0105,-78.8805
Tonganoxie,KS,0,1,39.1088,-95.0811
Toomsboro,GA,1,0,32.8225,-83.0826
Topeka,IN,1,0,41.5394,-85.5475
Topeka,KS,1,3,39.0346,-95.6955
Topton,PA,59,2,40.5031,-75.7023
Toronto,OH,6,0,40.4581,-80.6095
Torrington,CT,3,10,41.8349,-73.1282
Totowa,NJ,35,19,40.9039,-74.2214
Toughkenamon,PA,2,4,39.8313,-75.7565
Towanda,PA,17,6,41.7706,-76.4472
Tower City,PA,1,0,40.5884,-76.553
Townsend,DE,0,1,39.3968,-75.6943
Towson,MD,1,0,39.3944,-76.619
Trafalgar,IN,1,0,39.4124,-86.1499
Trafford,PA,5,1,40.3846,-79.7576
Trainer,PA,0,1,39.8245,-75.4032
Travelers Rest,SC,2,11,34.9582,-82.4412
Traverse City,MI,2,3,44.7546,-85.6038
Tremont,PA,16,12,40.6302,-76.3912
Trenton,FL,2,0,29.6092,-82.8147
Trenton,GA,4,3,34.8741,-85.5096
Trenton,IL,2,0,38.6083,-89.6852
Trenton,KY,2,0,36.7224,-87.2626
Trenton,MI,1,0,42.1394,-83.1929
Trenton,MO,1,0,40.0818,-93.603
Trenton,NJ,33,17,40.2237,-74.7641
Trenton,OH,29,52,39.4792,-84.462
Trenton,SC,36,47,33.7401,-81.8404
Trenton,TN,2,2,35.9689,-88.945
Trevose,PA,0,3,40.1509,-74.982
Trezevant,TN,0,1,36.011,-88.6206
Triadelphia,WV,28,8,40.0483,-80.623
Trinity,AL,14,14,34.6011,-87.0816
Trinity,NC,3,3,35.8756,-80.0093
Trotwood,OH,3,2,39.7926,-84.3165
Troutman,NC,14,17,35.6873,-80.883
Troutville,VA,5,2,37.4168,-79.8779
Troy,AL,4,9,31.8021,-85.9664
Troy,IN,14,4,38.0018,-86.7991
Troy,MI,1,60,42.5817,-83.1457
Troy,MO,0,8,38.9708,-90.9714
Troy,NC,19,43,35.365,-79.8918
Troy,NY,0,7,42.7354,-73.6751
Troy,OH,7,12,40.0437,-84.2186
Trumann,AR,1,0,35.677,-90.5259
Trumansburg,NY,0,2,42.541,-76.6618
Trumbauersville,PA,1,0,40.4133,-75.3803
Trussville,AL,0,2,33.6405,-86.5815
Tuckahoe,NY,2,1,40.9531,-73.823
Tucker,GA,22,11,33.8436,-84.2024
Tullahoma,TN,7,31,35.3721,-86.2172
Tullytown,PA,2,0,40.1401,-74.8107
Tulsa,OK,4,6,36.1283,-95.9042
Tunica,MS,1,0,34.6881,-90.3809
Tunkhannock,PA,36,11,41.5413,-75.9485
Tunnel Hill,GA,2,1,34.8496,-85.0393
Tupelo,MS,6,2,34.2692,-88.7318
Turbeville,SC,0,1,33.8895,-80.0161
Turkey,NC,6,6,34.995,-78.1841
Turner,ME,0,1,44.2581,-70.258
Turners Falls,MA,2,3,42.5975,-72.5573
Turtle Creek,PA,0,1,40.4085,-79.8214
Tuscaloosa,AL,9,8,33.2348,-87.5268
Tuscola,IL,1,0,39.7968,-88.2749
Tuscumbia,AL,6,4,34.7204,-87.7035
Twinsburg,OH,52,54,41.322,-81.4451
Tyler,TX,1,0,32.3184,-95.3062
Tyrone,GA,1,0,33.4752,-84.5941
Tyrone,PA,24,6,40.6764,-78.246
Tysons,VA,0,1,38.9215,-77.2273
Uhrichsville,OH,16,41,40.4005,-81.3515
Ulmer,SC,17,0,33.0987,-81.208
Unadilla,GA,2,1,32.2583,-83.7356
Union,MO,1,1,38.4399,-90.9927
Union,NJ,14,15,40.6966,-74.2693
Union,OH,2,0,39.9103,-84.2901
Union,SC,124,49,34.7235,-81.6248
Union Bridge,MD,2,0,39.5731,-77.1744
Union City,GA,14,15,33.5942,-84.5629
Union City,IN,1,1,40.1995,-84.8206
Union City,MI,0,1,42.0662,-85.1432
Union City,NJ,0,1,40.7675,-74.0323
Union City,PA,0,2,41.897,-79.8437
Union City,TN,9,3,36.4267,-89.0474
Union Grove,AL,0,1,34.4025,-86.4483
Union Hill,IL,1,0,41.1086,-88.1463
Union Point,GA,3,1,33.6178,-83.0751
Union Springs,AL,1,0,32.1395,-85.7141
Uniondale,NY,0,1,40.7176,-73.5947
Uniontown,PA,4,4,39.8993,-79.7246
Unionville,NC,0,3,35.0716,-80.5173
Unionville,TN,2,0,35.6117,-86.5739
Unionville,VA,0,2,38.2599,-77.9683
University Park,IL,5,2,41.4461,-87.7154
Upper Marlboro,MD,13,27,38.8153,-76.7514
Upper Sandusky,OH,15,11,40.8298,-83.2721
Urbana,OH,37,4,40.1085,-83.7541
Urbancrest,OH,11,3,39.9017,-83.0859
Urbandale,IA,1,8,41.639,-93.7812
Utica,MI,1,0,42.629,-83.0218
Utica,NY,18,19,43.0962,-75.2261
Utica,OH,0,2,40.2335,-82.441
Valdese,NC,5,15,35.7566,-81.5634
Valdosta,GA,40,17,30.8502,-83.2788
Valencia,PA,4,3,40.6767,-79.9883
Valera,TX,0,1,31.7536,-99.5493
Valley,AL,8,1,32.8088,-85.181
Valley,NE,0,1,41.3148,-96.3566
Valley City,OH,19,1,41.2336,-81.9396
Valley Cottage,NY,1,2,41.1162,-73.9433
Valley Grove,WV,2,2,40.0901,-80.5691
Valley Park,MO,1,0,38.5513,-90.4923
Valley Stream,NY,0,1,40.6647,-73.7043
Valley View,OH,0,8,41.3831,-81.6067
Valmeyer,IL,0,1,38.3064,-90.2979
Valparaiso,IN,7,5,41.4783,-87.0506
Van Buren,AR,1,2,35.4483,-94.3528
Van Buren,IN,1,1,40.6157,-85.5039
Van Buren,OH,0,11,41.1387,-83.6494
Van Wert,OH,7,3,40.8651,-84.5879
Vance,AL,3,1,33.1746,-87.2314
Vance,SC,5,0,33.4365,-80.4201
Vanceboro,NC,17,0,35.303,-77.1567
Vanceburg,KY,2,0,38.5944,-83.3245
Vancouver,WA,0,1,45.6366,-122.5967
Vandalia,IL,2,0,38.9754,-89.1117
Vandalia,MO,1,0,39.308,-91.4892
Vandalia,OH,47,28,39.8791,-84.193
Vanderbilt,MI,1,0,45.1436,-84.6639
Vandergrift,PA,3,0,40.5994,-79.5746
Vandling,PA,0,1,41.631,-75.4703
Vardaman,MS,5,0,33.8822,-89.1778
Vass,NC,2,3,35.2533,-79.2845
Veedersburg,IN,0,1,40.1137,-87.2566
Venice,FL,0,1,27.1184,-82.4137
Vergennes,IL,0,1,37.9012,-89.3398
Vergennes,VT,0,21,44.1664,-73.2557
Vernon,IL,0,5,38.8014,-89.0875
Vernon Hills,IL,2,0,42.234,-87.9608
Vero Beach,FL,2,2,27.6463,-80.393
Verona,KY,0,1,38.8122,-84.6649
Verona,PA,2,4,40.505,-79.8419
Verona,VA,4,12,38.1937,-79.0082
Verona,WI,1,0,42.9892,-89.5383
Versailles,IN,1,0,39.0634,-85.2566
Versailles,KY,11,8,38.0486,-84.7258
Versailles,MO,0,1,38.4333,-92.8453
Versailles,OH,1,2,40.222,-84.4831
Vevay,IN,1,1,38.7427,-85.0783
Vicksburg,MI,2,0,42.1185,-85.5413
Vicksburg,MS,1,3,32.3173,-90.8868
Victor,IA,0,1,41.7306,-92.2949
Victoria,VA,0,2,36.9947,-78.2242
Vidalia,GA,0,12,32.2125,-82.4019
Vidor,TX,4,0,30.1291,-93.9967
Vienna,GA,0,3,32.0926,-83.7868
Vienna,VA,0,1,38.8996,-77.2597
Vienna,WV,0,2,39.324,-81.5383
Vienna Center,OH,0,1,41.2345,-80.6541
Villa Park,IL,0,1,41.8865,-87.9779
Villa Rica,GA,28,22,33.7294,-84.9177
Vincennes,IN,2,10,38.6759,-87.5102
Vincent,OH,5,0,39.3749,-81.671
Vincentown,NJ,0,1,39.9367,-74.7519
Vine Grove,KY,4,0,37.8134,-85.9828
Vineland,NJ,69,75,39.4653,-74.9981
Vinton,LA,0,1,30.1957,-93.5818
Vinton,VA,12,3,37.2746,-79.8887
Viola,DE,0,24,39.0429,-75.5715
Virginia Beach,VA,65,157,36.7335,-76.0435
Volant,PA,6,0,41.1132,-80.2589
Vonore,TN,14,20,35.5977,-84.2364
Wabash,IN,17,17,40.8034,-85.8301
Waco,NC,0,1,35.3622,-81.4287
Wade,NC,2,3,35.1635,-78.737
Wadena,MN,1,0,46.445,-95.1285
Wadesboro,NC,36,6,34.9645,-80.0746
Wadley,AL,0,1,33.1239,-85.5683
Wadley,GA,1,1,32.8663,-82.4014
Wadsworth,OH,21,23,41.0279,-81.7323
Wagener,SC,0,2,33.6512,-81.3625
Wagram,NC,68,55,34.8891,-79.3652
Waite Park,MN,0,2,45.5313,-94.2528
Wakarusa,IN,0,1,41.5336,-86.0137
Wake Forest,NC,6,8,35.9632,-78.514
Wakefield,VA,0,1,38.823,-77.2406
Walbridge,OH,14,1,41.5864,-83.493
Walden,NY,1,2,41.5603,-74.1879
Waldorf,MD,4,13,38.6085,-76.9194
Waldwick,NJ,0,2,41.0133,-74.1259
Walford,IA,1,0,41.8799,-91.8306
Walhalla,SC,0,7,34.7705,-83.0615
Walker,MI,3,1,42.9853,-85.7446
Walker,MN,0,1,47.0906,-94.5885
Walkerville,MI,0,1,43.7143,-86.1259
Wallace,NC,6,8,34.738,-77.9908
Wallace,SC,3,6,34.7201,-79.8479
Wallington,NJ,0,1,40.8536,-74.1069
Wallis,TX,1,0,29.6317,-96.0638
Walls,MS,1,0,34.9257,-90.1604
Walnut Cove,NC,1,6,36.2938,-80.1408
Walnut Ridge,AR,3,0,36.0848,-90.9467
Walnutport,PA,1,0,40.7515,-75.5956
Walterboro,SC,12,33,32.901,-80.676
Walton,KS,1,0,38.1187,-97.2582
Walton,KY,83,36,38.8645,-84.6122
Walton Hills,OH,4,4,41.3662,-81.5554
Walworth,WI,0,2,42.5305,-88.5939
Wampum,PA,3,2,40.8863,-80.3393
Wapakoneta,OH,35,69,40.5664,-84.1916
Wapello,IA,0,1,41.1773,-91.1881
Wappingers Falls,NY,0,3,41.5984,-73.9181
Ward,SC,1,1,33.8573,-81.7313
Ware Shoals,SC,2,0,34.3894,-82.239
Waretown,NJ,0,1,39.7896,-74.1926
Warfordsburg,PA,0,1,39.7518,-78.1875
Warm Springs,GA,2,0,32.887,-84.6781
Warner Robins,GA,3,5,32.5961,-83.6527
Warren,AR,2,0,33.6113,-92.0678
Warren,IN,0,1,40.6878,-85.425
Warren,MI,36,25,42.4934,-83.027
Warren,OH,52,65,41.239,-80.8174
Warren,PA,5,17,41.8434,-79.1444
Warrensburg,MO,1,1,38.7627,-93.726
Warrensville Heights,OH,1,3,41.4363,-81.5222
Warrenton,GA,5,5,33.4067,-82.6653
Warrenton,NC,9,0,36.3995,-78.1575
Warrenton,VA,1,6,38.7176,-77.7976
Warrenville,SC,11,0,33.5461,-81.799
Warrior,AL,0,1,33.8149,-86.8157
Warroad,MN,0,2,48.9168,-95.3271
Warsaw,IN,6,2,41.2448,-85.8465
Warsaw,KY,4,0,38.7774,-84.904
Warsaw,NC,4,27,34.9994,-78.0928
Wartrace,TN,0,1,35.5253,-86.3301
Warwick,RI,5,7,41.7062,-71.4334
Washburn,IL,1,1,40.9203,-89.2916
Washington,DC,3,26,38.9047,-77.0163
Washington,GA,8,1,33.7355,-82.7426
Washington,IA,2,0,41.2981,-91.6928
Washington,IN,9,2,38.6586,-87.1591
Washington,MO,3,1,38.5515,-91.0154
Washington,NC,118,13,35.5586,-77.0545
Washington,NJ,4,1,40.7587,-74.9825
Washington,PA,31,24,40.1741,-80.2465
Washington,WV,35,28,39.2422,-81.6679
Washington Court House,OH,20,28,39.5381,-83.4281
Washington Park,IL,2,0,38.6285,-90.0928
Washingtonville,NY,0,2,41.4297,-74.1577
Watauga,TN,0,1,36.3687,-82.2919
Watchung,NJ,0,1,40.6431,-74.4391
Waterbury,CT,14,27,41.5582,-73.0361
Waterford,OH,3,2,39.5407,-81.6424
Waterloo,IA,0,2,42.4918,-92.3522
Waterloo,IL,0,1,38.3403,-90.1538
Waterloo,IN,3,0,41.4327,-85.0347
Watertown,NY,6,42,43.9734,-75.9094
Watertown,TN,1,0,36.1007,-86.1394
Waterville,ME,10,1,44.5441,-69.6624
Waterville,MN,0,1,44.2235,-93.5746
Waterville,NY,0,1,42.9306,-75.3802
Waterville,OH,1,1,41.5015,-83.7367
Watervliet,NY,8,17,42.7243,-73.7068
Watkins,MN,0,1,45.3153,-94.412
Watkins Glen,NY,132,5,42.3801,-76.8673
Watkinsville,GA,3,0,33.861,-83.4072
Watseka,IL,1,0,40.7752,-87.7304
Watsontown,PA,40,40,41.0851,-76.8646
Watterson Park,KY,0,1,38.189,-85.6864
Wattsville,VA,0,1,37.9301,-75.4943
Wauchula,FL,1,0,27.5469,-81.8102
Waukegan,IL,6,1,42.3698,-87.8716
Waukesha,WI,3,0,43.0087,-88.2464
Waupaca,WI,8,0,44.3506,-89.0719
Wausau,WI,2,1,44.962,-89.6459
Waverly,IL,1,0,39.5925,-89.9526
Waverly,NY,17,18,42.0119,-76.5406
Waverly,OH,8,9,39.1256,-82.9836
Waverly,TN,20,6,36.0939,-87.7847
Waverly,VA,4,2,37.034,-77.0956
Waxahachie,TX,2,2,32.4035,-96.8446
Waxhaw,NC,5,6,34.9363,-80.7439
Waycross,GA,1,0,31.2108,-82.3579
Wayland,MI,2,4,42.6725,-85.6408
Wayne,MI,3,2,42.2774,-83.3877
Wayne,PA,0,4,40.0409,-75.3945
Wayne,WV,0,1,38.2301,-82.4415
Waynesboro,GA,1,1,33.0909,-82.0145
Waynesboro,PA,5,5,39.7524,-77.5822
Waynesboro,TN,1,0,35.3235,-87.7593
Waynesboro,VA,13,10,38.0674,-78.9014
Waynesburg,OH,0,1,40.6682,-81.2598
Waynesburg,PA,1,2,39.8983,-80.1855
Waynesville,NC,9,22,35.4854,-82.9996
Weaverville,NC,1,14,35.6963,-82.5585
Webb City,MO,3,1,37.1412,-94.4676
Webster,FL,1,1,28.6114,-82.0493
Wedron,IL,1,0,41.4387,-88.7745
Weedsport,NY,0,1,43.0482,-76.5637
Weidman,MI,1,0,43.7014,-84.9745
Weiner,AR,5,0,35.6197,-90.9054
Weirton,WV,10,14,40.406,-80.5671
Weiser,ID,1,0,44.2547,-116.9689
Welch,WV,0,3,37.4455,-81.5721
Welcome,NC,7,10,35.9066,-80.2548
Weldon,NC,17,3,36.4239,-77.613
Weldon Spring,MO,0,1,38.7119,-90.6513
Wellford,SC,102,24,34.962,-82.0937
Wellington,FL,0,1,26.6461,-80.2699
Wellington,OH,0,2,41.1613,-82.2255
Wellsboro,PA,0,1,41.7458,-77.3031
Wellsburg,WV,12,5,40.281,-80.6102
Wellston,OH,1,1,39.1172,-82.5375
Wellsville,OH,1,2,40.6042,-80.655
Wellsville,PA,1,2,40.0513,-76.9408
Wendell,NC,22,4,35.7819,-78.3952
Wentzville,MO,2,0,38.8153,-90.8669
Wernersville,PA,1,0,40.3302,-76.0818
Wescosville,PA,3,1,40.5617,-75.5489
West Allis,WI,0,1,43.0068,-88.0296
West Babylon,NY,1,2,40.7129,-73.3585
West Bend,WI,0,1,43.4173,-88.1818
West Berlin,NJ,1,0,39.8104,-74.9407
West Branch,IA,1,0,41.6661,-91.3441
West Branch,MI,0,1,44.2737,-84.2362
West Carrollton,OH,9,5,39.6701,-84.2542
West Chester,PA,18,28,39.9601,-75.6058
West Chicago,IL,6,4,41.896,-88.2253
West Columbia,SC,139,377,33.9932,-81.0936
West Conshohocken,PA,0,1,40.0702,-75.3188
West Des Moines,IA,0,19,41.5521,-93.7806
West Dundee,IL,0,2,42.0981,-88.3066
West Fargo,ND,0,1,46.8573,-96.9057
West Grove,PA,3,7,39.8206,-75.8284
West Haven,CT,6,20,41.2739,-72.9672
West Haverstraw,NY,0,1,41.2063,-73.9884
West Hazleton,PA,8,12,40.9701,-76.0142
West Jefferson,NC,4,5,36.3938,-81.4898
West Jefferson,OH,24,30,39.9475,-83.3076
West Lafayette,IN,0,1,40.4432,-86.9238
West Lebanon,IN,3,0,40.2724,-87.3862
West Liberty,KY,1,1,37.9161,-83.2668
West Long Branch,NJ,0,1,40.2883,-74.0185
West Memphis,AR,55,7,35.153,-90.1996
West Middlesex,PA,9,2,41.1742,-80.4557
West Mifflin,PA,24,79,40.3581,-79.9073
West Monroe,LA,3,1,32.512,-92.1513
West New York,NJ,0,2,40.7857,-74.0094
West Nyack,NY,3,6,41.0907,-73.9714
West Palm Beach,FL,12,14,26.7469,-80.132
West Plains,MO,4,3,36.7377,-91.868
West Point,GA,1,2,32.8937,-85.1453
West Point,MS,3,2,33.6064,-88.6572
West Point,NY,0,1,41.3645,-74.0123
West Point,VA,33,19,37.5519,-76.8017
West Reading,PA,1,2,40.3337,-75.947
West Union,IA,1,1,42.9589,-91.813
West Union,OH,0,4,38.7917,-83.5441
West Union,SC,1,22,34.759,-83.0432
Westbrook,ME,1,3,43.6954,-70.3539
Westbury,NY,1,0,40.7599,-73.5891
Westernport,MD,0,11,39.488,-79.0429
Westerville,OH,0,3,40.1241,-82.921
Westfield,IN,8,4,40.0341,-86.1529
Westfield,MA,10,21,42.1382,-72.7561
Westlake,OH,2,12,41.4524,-81.9294
Westland,MI,0,5,42.3192,-83.3805
Westminster,MD,8,19,39.5796,-77.0067
Westminster,SC,1,7,34.6656,-83.0911
Weston,OH,0,1,41.3464,-83.7948
Weston,WV,0,1,39.0391,-80.4616
Westville,IN,0,1,41.5376,-86.9049
Westville,NJ,1,0,39.8704,-75.1302
Westwood,NJ,0,1,40.9878,-74.0308
Wetumpka,AL,1,4,32.5406,-86.2053
Weyauwega,WI,1,0,44.324,-88.9333
Weyers Cave,VA,1,7,38.2844,-78.9125
Wharton,NJ,36,52,40.8998,-74.5808
Wheatfield,IN,0,2,41.1911,-87.0531
Wheatland,PA,5,1,41.1969,-80.4958
Wheaton,IL,0,1,41.8561,-88.1085
Wheelersburg,OH,1,0,38.7383,-82.842
Wheeling,IL,3,0,42.1308,-87.924
Wheeling,WV,2,7,40.0752,-80.6951
Whippany,NJ,6,11,40.8233,-74.4184
Whitakers,NC,34,2,36.1057,-77.7131
White,GA,11,7,34.2823,-84.7481
White Bear Lake,MN,2,0,45.0656,-93.015
White Bluff,TN,4,0,36.1005,-87.2117
White Cloud,MI,8,0,43.5541,-85.772
White Hall,AR,2,0,34.2741,-92.1006
White Hall,WV,0,1,39.424,-80.1889
White House,TN,2,3,36.4648,-86.6666
White Marsh,MD,18,9,39.3819,-76.4574
White Oak,NC,2,0,34.7396,-78.7186
White Pigeon,MI,9,1,41.7977,-85.6485
White Pine,TN,1,0,36.1087,-83.297
White Plains,NY,0,3,41.022,-73.7547
White Settlement,TX,1,0,32.7554,-97.4605
White Stone,VA,0,1,37.644,-76.3897
White Sulphur Springs,WV,1,0,37.7981,-80.3005
Whitehall,OH,8,6,39.9682,-82.8833
Whitehouse,OH,0,5,41.5215,-83.7958
Whiteland,IN,64,6,39.5505,-86.0739
Whitesboro,NY,0,1,43.124,-75.2967
Whitesburg,KY,0,1,37.1183,-82.823
Whitestown,IN,68,403,39.9706,-86.3612
Whiteville,NC,6,12,34.3306,-78.7014
Whitmore Lake,MI,0,2,42.4258,-83.753
Whitsett,NC,67,43,36.0784,-79.5721
Whittier,NC,0,1,35.4337,-83.3564
Whitwell,TN,1,0,35.1918,-85.5212
Wichita,KS,4,6,37.6895,-97.3443
Wichita Falls,TX,1,0,33.9072,-98.5291
Wickliffe,KY,34,0,36.9666,-89.0813
Wickliffe,OH,6,1,41.6072,-81.469
Wiggins,MS,3,0,30.8557,-89.1386
Wilcox,PA,0,12,41.5726,-78.6869
Wilder,KY,1,1,39.0401,-84.4816
Wildwood,FL,2,1,28.7752,-82.0075
Wilkes-Barre,PA,22,53,41.2469,-75.876
Wilkesboro,NC,15,25,36.1424,-81.174
Willacoochee,GA,2,3,31.3358,-83.0446
Willard,OH,17,10,41.0518,-82.7232
Williamsburg,IN,1,1,39.9509,-84.9964
Williamsburg,KY,1,3,36.7393,-84.1647
Williamsburg,PA,6,11,40.463,-78.2049
Williamsburg,VA,246,53,37.2693,-76.7076
Williamsport,IN,0,2,40.2884,-87.2922
Williamsport,MD,8,50,39.5973,-77.818
Williamsport,PA,62,43,41.2399,-77.037
Williamston,MI,0,1,42.6834,-84.2836
Williamston,NC,2,4,35.8465,-77.0661
Williamston,SC,0,44,34.6194,-82.4794
Williamstown,KY,1,1,38.6415,-84.5675
Williamstown,NJ,1,4,39.6874,-74.9786
Williamstown,WV,1,0,39.3987,-81.4549
Williamsville,NY,0,2,42.9623,-78.7418
Willimantic,CT,2,1,41.7171,-72.2114
Willis Wharf,VA,0,2,37.5176,-75.8089
Williston,FL,0,2,29.374,-82.4579
Williston,ND,0,1,48.1814,-103.6364
Williston,SC,5,7,33.4018,-81.422
Willoughby,OH,3,12,41.6459,-81.4084
Willow Grove,PA,0,6,40.1469,-75.1174
Willowbrook,IL,1,0,41.7641,-87.9454
Wilmer,TX,3,1,32.5983,-96.6815
Wilmerding,PA,1,1,40.3942,-79.8101
Wilmington,DE,149,56,39.7415,-75.5416
Wilmington,IL,5,2,41.3207,-88.164
Wilmington,NC,76,184,34.2099,-77.8866
Wilmington,OH,13,27,39.4362,-83.8141
Wilmot,OH,0,1,40.6555,-81.6347
Wilson,AR,0,1,35.5661,-90.043
Wilson,NC,204,195,35.7311,-77.9284
Wilton,IA,0,1,41.5898,-91.0272
Wimauma,FL,0,3,27.6964,-82.3034
Winamac,IN,3,1,41.0535,-86.6037
Winchester,IN,41,4,40.1719,-84.9764
Winchester,KY,20,26,38.0018,-84.1908
Winchester,TN,1,0,35.1898,-86.1075
Winchester,VA,200,170,39.1735,-78.1746
Wind Gap,PA,10,1,40.8484,-75.2917
Winder,GA,6,9,33.9917,-83.7218
Windham,OH,1,0,41.2375,-81.0373
Windsor,NC,1,0,35.9928,-76.9401
Windsor,VA,368,13,36.8095,-76.7406
Winfield,MO,1,0,38.9928,-90.7456
Wingate,NC,0,41,34.9859,-80.448
Winneconne,WI,0,2,44.1111,-88.7116
Winnsboro,LA,1,0,32.165,-91.721
Winnsboro,SC,17,45,34.3718,-81.0907
Winona,MN,5,6,44.0505,-91.6684
Winooski,VT,0,5,44.4948,-73.1846
Winslow,IN,0,2,38.3834,-87.213
Winsted,CT,2,0,41.9262,-73.0675
Winsted,MN,1,0,44.9574,-94.0498
Winston-Salem,NC,171,185,36.1029,-80.261
Winter Haven,FL,1,4,28.0118,-81.7014
Winter Springs,FL,1,0,28.6889,-81.2703
Wintersville,OH,0,10,40.3791,-80.7095
Winterville,GA,1,0,33.9666,-83.2815
Winterville,NC,5,6,35.5291,-77.4
Winthrop,MN,1,0,44.5424,-94.3598
Winton,NC,1,1,36.3899,-76.935
Wisconsin Dells,WI,0,1,43.6336,-89.7752
Wisconsin Rapids,WI,1,1,44.3927,-89.8265
Wise,VA,0,2,36.9767,-82.5809
Wixom,MI,6,5,42.5243,-83.5346
Woburn,MA,1,48,42.4869,-71.1543
Wolcott,IN,6,0,40.7589,-87.042
Womelsdorf,PA,0,5,40.3655,-76.1864
Wood Dale,IL,2,1,41.9668,-87.9808
Wood River,IL,2,1,38.8631,-90.0774
Wood-Ridge,NJ,8,1,40.8508,-74.0878
Woodbine,GA,0,1,30.9598,-81.7176
Woodbine,NJ,2,0,39.2283,-74.8096
Woodbridge,VA,6,21,38.6409,-77.258
Woodburn,IN,0,3,41.1287,-84.8503
Woodburn,KY,12,2,36.8421,-86.5301
Woodbury,GA,2,1,32.9849,-84.5819
Woodbury,MN,1,0,44.9057,-92.923
Woodbury,NJ,1,0,39.8379,-75.1524
Woodbury,NY,1,0,41.3284,-74.1004
Woodbury,TN,0,1,35.8247,-86.0723
Woodbury Heights,NJ,0,1,39.816,-75.1511
Woodfin,NC,3,0,35.6457,-82.5915
Woodhaven,MI,1,4,42.132,-83.2374
Woodland,PA,2,36,41.0058,-78.3448
Woodlawn,MD,0,4,39.3054,-76.7489
Woodridge,IL,2,0,41.737,-88.0409
Woodridge,NY,0,1,41.7122,-74.5741
Woodruff,SC,15,11,34.7421,-82.0371
Woodsboro,MD,1,0,39.5328,-77.3097
Woodstock,AL,3,1,33.2193,-87.149
Woodstock,GA,5,1,34.1026,-84.5091
Woodstock,VA,0,1,38.875,-78.516
Woodstown,NJ,1,0,39.6503,-75.3251
Woodsville,NH,0,1,44.1423,-72.0256
Woodward,PA,0,1,40.8997,-77.3472
Woolrich,PA,0,1,41.1865,-77.3738
Woonsocket,RI,4,26,42.001,-71.4993
Wooster,OH,26,35,40.8172,-81.9336
Worcester,MA,33,27,42.2705,-71.8079
Worthington,IN,7,0,39.1185,-86.9798
Worthington,OH,5,0,40.095,-83.0209
Worthington,PA,1,0,40.838,-79.6351
Worthington,WV,0,1,39.4568,-80.2635
Wrens,GA,3,2,33.207,-82.3878
Wright City,MO,5,0,38.8341,-91.0399
Wrightstown,NJ,0,1,40.0258,-74.6318
Wrightstown,WI,3,3,44.3263,-88.1756
Wrightsville,PA,0,9,40.0239,-76.5312
Wurtland,KY,17,4,38.5495,-82.7788
Wyandotte,MI,4,6,42.2113,-83.1558
Wyncote,PA,0,1,40.0915,-75.1463
Wynne,AR,1,0,35.2322,-90.7897
Wyoming,MI,7,5,42.8908,-85.7066
Wyoming,NY,0,1,42.8241,-78.0842
Wyoming,PA,5,2,41.3058,-75.8418
Wyoming,RI,0,1,41.5143,-71.6903
Wyomissing,PA,0,1,40.3317,-75.9703
Wytheville,VA,211,59,36.953,-81.0881
Xenia,OH,1,1,39.6829,-83.9413
YORKTOWN,VA,0,4,37.2352,-76.5146
Yadkinville,NC,27,11,36.1315,-80.6592
Yaphank,NY,1,1,40.8323,-72.9233
Yardley,PA,0,1,40.2408,-74.8386
Yatesville,PA,1,0,41.3038,-75.7822
Yazoo City,MS,1,0,32.8619,-90.4075
Yeadon,PA,0,1,39.9325,-75.2527
Yemassee,SC,0,1,32.6733,-80.8515
Yoe,PA,1,0,39.9096,-76.6365
Yonkers,NY,7,14,40.9466,-73.8673
York,PA,443,376,39.9651,-76.7315
York,SC,45,78,34.9967,-81.2341
York Haven,PA,0,1,40.1106,-76.7149
York Springs,PA,1,1,40.0093,-77.1159
Yorkana,PA,0,1,39.976,-76.5846
Yorktown,IN,1,1,40.183,-85.5123
Yorktown Heights,NY,0,1,41.2697,-73.7755
Yorkville,NY,1,1,43.1124,-75.2739
Yorkville,OH,2,1,40.1528,-80.7079
Youngstown,OH,39,37,41.0993,-80.6463
Youngsville,NC,92,15,36.0242,-78.4816
Youngsville,PA,2,0,41.8525,-79.3167
Youngwood,PA,0,28,40.2443,-79.5811
Ypsilanti,MI,1,14,42.244,-83.6208
Yulee,FL,4,1,30.635,-81.5678
Zachary,LA,0,2,30.6643,-91.1634
Zanesville,OH,17,36,39.9565,-82.0132
Zebulon,GA,0,1,33.093,-84.3427
Zebulon,NC,11,45,35.8329,-78.3158
Zeeland,MI,3,3,42.8139,-86.0129
Zelienople,PA,3,4,40.7886,-80.1428
Zellwood,FL,1,0,28.7294,-81.5895
Zephyrhills,FL,1,0,28.2409,-82.1797
Zilwaukee,MI,0,1,43.4809,-83.9223
Zion,IL,0,2,42.4603,-87.8511
Zionsville,IN,1,1,39.9897,-86.3182
Zolfo Springs,FL,2,0,27.4926,-81.7869
Zumbrota,MN,1,0,44.295,-92.6736
